Outlet ID,Outlet,Town,User,LinkTxnID,Date,Age,Original Amount,Balance Amount
GAMP005981,A.N Pharmasutical,Negombo,Sumedha Nilanka,CSO007914650,28-Feb-22,334,176350,6515.05
GAMP005981,A.N Pharmasutical,Negombo,Sumedha Nilanka,CSO007916595,1-Dec-22,58,326239,326239
GAM00307,AJANTHA OSUSALA,KOCHCHIKADE,Dinuka Mayantha,CSO024904083,17-Jan-23,11,5974,5974
GAM00307,AJANTHA OSUSALA,KOCHCHIKADE,Sithum Asela,CSO008019790,18-Jan-23,10,61622.2,60324.7
GAM00307,AJANTHA OSUSALA,KOCHCHIKADE,Sumedha Nilanka,CSO007916973,19-Jan-23,9,163606.4,91708.5
GAM00307,AJANTHA OSUSALA,KOCHCHIKADE,Sumedha Nilanka,CSO007916972,19-Jan-23,9,50923,50923
GAM00307,AJANTHA OSUSALA,KOCHCHIKADE,Dinuka Mayantha,CSO024904099,19-Jan-23,9,85730.7,83865.8
GAM00307,AJANTHA OSUSALA,KOCHCHIKADE,Sithum Asela,CSO008019908,27-Jan-23,1,117394.9,117394.9
GAMP006331,Anjel pharmacy,KOCHCHIKADE,Sithum Asela,CSO008018916,31-Oct-22,89,61637.7,61637.7
GAM00308,ANRITA PHARMACY,KOCHCHIKADE,Sumedha Nilanka,CSO007916976,19-Jan-23,9,6260,6260
GAM03238,Asiri Pharmaceuticals,Kandana,Sithum Asela,CSO008019322,1-Dec-22,58,78520,78520
GAM03238,Asiri Pharmaceuticals,Kandana,Sumedha Nilanka,CSO007916846,7-Jan-23,21,6365,6365
GAM03238,Asiri Pharmaceuticals,Kandana,Sithum Asela,CSO008019644,7-Jan-23,21,25988.5,25988.5
GAM03238,Asiri Pharmaceuticals,Kandana,Dinuka Mayantha,CSO024903972,7-Jan-23,21,8730,8730
GAM03238,Asiri Pharmaceuticals,Kandana,Sumedha Nilanka,CSO007917006,20-Jan-23,8,6598,6598
GAM03238,Asiri Pharmaceuticals,Kandana,Sithum Asela,CSO008019823,20-Jan-23,8,21088,21088
GAM03238,Asiri Pharmaceuticals,Kandana,Dinuka Mayantha,CSO024904124,20-Jan-23,8,9657.9,9657.9
GAM00280,ASIRI PHARMACY,Negombo,Sithum Asela,CSO008019690,10-Jan-23,18,39260,39260
GAM00196,ASIRI PHARMACY,SEEDUWA,Sithum Asela,CSO008019822,20-Jan-23,8,17783,17783
GAM03221,Asoka Pharmacy,Negombo,Dinuka Mayantha,CSO024903808,16-Dec-22,43,12713.86,12713.86
GAM03221,Asoka Pharmacy,Negombo,Sumedha Nilanka,CSO007916729,16-Dec-22,43,20675,20675
GAM03221,Asoka Pharmacy,Negombo,Sithum Asela,CSO008019528,20-Dec-22,39,89532.6,88506.5
GAM03221,Asoka Pharmacy,Negombo,Sithum Asela,CSO008019683,11-Jan-23,17,40910.6,40910.6
GAMP007348,AURA PHARMACY,SEEDUWA,Dinuka Mayantha,CSO024904171,24-Jan-23,4,987.2,987.2
GAMP007668,Ave Maria Hospital,Negombo,Sumedha Nilanka,CSO007916875,10-Jan-23,18,222982,222982
GAM00297,AVE MARIA PHARMACY,Negombo,Sithum Asela,CSO008019657,5-Jan-23,23,8461.5,8461.5
GAM00297,AVE MARIA PHARMACY,Negombo,Sumedha Nilanka,CSO007916863,12-Jan-23,16,35218.5,35218.5
GAM00297,AVE MARIA PHARMACY,Negombo,Sithum Asela,CSO008019704,12-Jan-23,16,18124.4,18124.4
GAM00297,AVE MARIA PHARMACY,Negombo,Sumedha Nilanka,CSO007916942,16-Jan-23,12,11559,11559
GAM00297,AVE MARIA PHARMACY,Negombo,Dinuka Mayantha,CSO024904070,16-Jan-23,12,2241,2241
GAM00297,AVE MARIA PHARMACY,Negombo,Sumedha Nilanka,CSO007916980,18-Jan-23,10,9085.5,9085.5
GAMP005413,BANDULA PHARMACY,MINUWANGODA,Sumedha Nilanka,CSO007914981,26-Apr-22,277,17925,16231.8
GAMP005413,BANDULA PHARMACY,MINUWANGODA,Dinuka Mayantha,CSO024901904,27-Apr-22,276,27116.3,27116.3
GAMP005413,BANDULA PHARMACY,MINUWANGODA,Sithum Asela,CSO008017312,28-Apr-22,275,20444,20444
GAMP005413,BANDULA PHARMACY,MINUWANGODA,Sithum Asela,CSO008017227,28-Apr-22,275,120407.7,120407.7
GAMP005413,BANDULA PHARMACY,MINUWANGODA,Dinuka Mayantha,CSO024902084,20-May-22,253,6305.1,5412.8
GAMP005413,BANDULA PHARMACY,MINUWANGODA,Sumedha Nilanka,CSO007915152,20-May-22,253,26392.4,26392.4
GAMP005413,BANDULA PHARMACY,MINUWANGODA,Sithum Asela,CSO008017460,20-May-22,253,25892.2,25170.8
GAMP008321,Best Care Pharmacy,MINUWANGODA,Dinuka Mayantha,CSO024903889,24-Dec-22,35,5048.8,5048.8
GAMP008321,Best Care Pharmacy,MINUWANGODA,Sithum Asela,CSO008019563,24-Dec-22,35,27464.2,27464.2
GAMP008321,Best Care Pharmacy,MINUWANGODA,Sumedha Nilanka,CSO007916781,24-Dec-22,35,21241.1,21241.1
GAMP008321,Best Care Pharmacy,MINUWANGODA,Sithum Asela,CSO008019573,29-Dec-22,30,26325,11116.4
GAMP008321,Best Care Pharmacy,MINUWANGODA,Sithum Asela,CSO008019873,26-Jan-23,2,22452.6,22452.6
GAMP008321,Best Care Pharmacy,MINUWANGODA,Sumedha Nilanka,CSO007917067,26-Jan-23,2,2713,2713
GAMP008321,Best Care Pharmacy,MINUWANGODA,Sumedha Nilanka,CSO007917056,26-Jan-23,2,13411.1,13411.1
GAMP008321,Best Care Pharmacy,MINUWANGODA,Dinuka Mayantha,CSO024904189,26-Jan-23,2,17472.6,17472.6
GAM00271,BETTERHEALTH PHARMACY,Negombo,Sumedha Nilanka,CSO007916945,16-Jan-23,12,5981.2,5981.2
GAM00181,BOPITIYA PHARMACY,JA-ELA,Sithum Asela,CSO008019625,4-Jan-23,24,82228.3,82228.3
GAM00181,BOPITIYA PHARMACY,JA-ELA,Sumedha Nilanka,CSO007916851,5-Jan-23,23,26210.3,26210.3
GAM00181,BOPITIYA PHARMACY,JA-ELA,Dinuka Mayantha,CSO024903982,5-Jan-23,23,26824.3,26824.3
GAM00181,BOPITIYA PHARMACY,JA-ELA,Sithum Asela,CSO008019804,19-Jan-23,9,88821.85,88821.85
GAM00181,BOPITIYA PHARMACY,JA-ELA,Sumedha Nilanka,CSO007917014,23-Jan-23,5,14883.9,14883.9
GAM00181,BOPITIYA PHARMACY,JA-ELA,Dinuka Mayantha,CSO024904138,23-Jan-23,5,7101.5,4032.3
GAMP008531,C & S PHARMACY,JA-ELA,Dinuka Mayantha,CSO024904153,23-Jan-23,5,5276.9,676.8
GAMP008531,C & S PHARMACY,JA-ELA,Sumedha Nilanka,CSO007917024,23-Jan-23,5,1402.5,1402.5
GAM00162,CALVERY MEDICALS,JA-ELA,Sithum Asela,CSO008019537,21-Dec-22,38,14748.4,14748.4
GAM00162,CALVERY MEDICALS,JA-ELA,Sithum Asela,CSO008019631,4-Jan-23,24,7916.1,7916.1
GAM00162,CALVERY MEDICALS,JA-ELA,Sithum Asela,CSO008019807,21-Jan-23,7,16244.2,16244.2
GAM00162,CALVERY MEDICALS,JA-ELA,Sumedha Nilanka,CSO007917017,23-Jan-23,5,3078.3,3078.3
GAM03245,Cash Payment,Negombo,Sithum Asela,CSO008015894,6-Dec-21,418,27350,27350
GAM03245,Cash Payment,Negombo,Sithum Asela,CSO008016364,24-Jan-22,369,13675,13675
GAM03245,Cash Payment,Negombo,Sithum Asela,CSO008016577,8-Feb-22,354,27350,27350
GAM03245,Cash Payment,Negombo,Dinuka Mayantha,CSO024901625,21-Mar-22,313,17027,10602
GAM03245,Cash Payment,Negombo,Sithum Asela,IN0053001327,24-May-22,249,10222,10222
GAM03245,Cash Payment,Negombo,Sumedha Nilanka,CSO007916586,29-Nov-22,60,1769.2,1769.2
GAM03245,Cash Payment,Negombo,Sithum Asela,CSO008019845,23-Jan-23,5,6132.5,6132.5
GAM03245,Cash Payment,Negombo,Sithum Asela,CSO008019868,27-Jan-23,1,7514.4,7514.4
GAM00222,Central Pharmacy,MINUWANGODA,Sithum Asela,IN0053001234,22-Mar-22,312,167665,88220
GAM00222,Central Pharmacy,MINUWANGODA,Sithum Asela,CSO008019588,28-Dec-22,31,16923,16923
GAM00222,Central Pharmacy,MINUWANGODA,Sithum Asela,IN0053001517,29-Dec-22,30,47000,47000
GAM00222,Central Pharmacy,MINUWANGODA,Dinuka Mayantha,CSO024904005,9-Jan-23,19,169043.1,159428.1
GAM00222,Central Pharmacy,MINUWANGODA,Sithum Asela,CSO008019677,9-Jan-23,19,56987,56987
GAM00222,Central Pharmacy,MINUWANGODA,Sumedha Nilanka,CSO007916878,9-Jan-23,19,178426,178426
GAM00222,Central Pharmacy,MINUWANGODA,Dinuka Mayantha,CSO024904101,26-Jan-23,2,37298,37298
GAM00222,Central Pharmacy,MINUWANGODA,Sithum Asela,CSO008019897,26-Jan-23,2,41282,41282
GAM00219,CHALANI PHARMACY,MINUWANGODA,Sumedha Nilanka,CSO007916650,8-Dec-22,51,1053.2,1053.2
GAM00219,CHALANI PHARMACY,MINUWANGODA,Sithum Asela,CSO008019712,11-Jan-23,17,43544.9,43544.9
GAM00219,CHALANI PHARMACY,MINUWANGODA,Sumedha Nilanka,CSO007916908,11-Jan-23,17,9923.1,9923.1
GAM00219,CHALANI PHARMACY,MINUWANGODA,Dinuka Mayantha,CSO024904033,12-Jan-23,16,2171.7,2171.7
GAM00219,CHALANI PHARMACY,MINUWANGODA,Dinuka Mayantha,CSO024904193,27-Jan-23,1,965.8,965.8
GAM00219,CHALANI PHARMACY,MINUWANGODA,Sithum Asela,CSO008019877,27-Jan-23,1,46292.1,46292.1
GAM00219,CHALANI PHARMACY,MINUWANGODA,Sumedha Nilanka,CSO007917061,27-Jan-23,1,20183.8,20183.8
GAM00306,CHAMPIKA MEDICAL,KOCHCHIKADE,Dinuka Mayantha,CSO024903586,18-Nov-22,71,40139.3,184.7
GAM00306,CHAMPIKA MEDICAL,KOCHCHIKADE,Sumedha Nilanka,CSO007916745,20-Dec-22,39,17692,17692
GAM00306,CHAMPIKA MEDICAL,KOCHCHIKADE,Sithum Asela,CSO008019685,10-Jan-23,18,95679.55,95679.55
GAM00146,CHEMA PHARMACY,Kandana,Sumedha Nilanka,CSO007916940,16-Jan-23,12,95876,95876
GAM00263,CITY MEDICALS,Negombo,Sumedha Nilanka,CSO007916743,20-Dec-22,39,28184.6,28184.6
GAM00263,CITY MEDICALS,Negombo,Sithum Asela,CSO008019525,20-Dec-22,39,142203.3,142203.3
GAM00263,CITY MEDICALS,Negombo,Dinuka Mayantha,CSO024903823,20-Dec-22,39,32772.5,19053.6
GAM00263,CITY MEDICALS,Negombo,Sithum Asela,CSO008019768,17-Jan-23,11,111521.1,110778.35
GAM00263,CITY MEDICALS,Negombo,Sumedha Nilanka,CSO007917036,24-Jan-23,4,36656.98,28123.2
GAM00263,CITY MEDICALS,Negombo,Dinuka Mayantha,CSO024904162,24-Jan-23,4,91501,89488
GAM00165,CITY PHARMACY,JA-ELA,Sithum Asela,CSO008017513,24-May-22,249,32358.9,32358.9
GAM00165,CITY PHARMACY,JA-ELA,Sumedha Nilanka,CSO007915214,27-May-22,246,45480,45480
GAM00165,CITY PHARMACY,JA-ELA,Sithum Asela,CSO008019193,18-Nov-22,71,133484,229.4
GAM00165,CITY PHARMACY,JA-ELA,Sumedha Nilanka,CSO007916630,6-Dec-22,53,6738.4,6738.4
GAM00165,CITY PHARMACY,JA-ELA,Sithum Asela,CSO008019395,8-Dec-22,51,25142.8,25142.8
GAM00147,CITY PHARMACY,Kandana,Dinuka Mayantha,CSO024904128,20-Jan-23,8,10736.7,10736.7
GAM00147,CITY PHARMACY,Kandana,Sithum Asela,CSO008019829,20-Jan-23,8,38323.15,38323.15
GAM00147,CITY PHARMACY,Kandana,Sumedha Nilanka,CSO007917009,21-Jan-23,7,6598,6598
GAM00147,CITY PHARMACY,Kandana,Sithum Asela,CSO008019645,24-Jan-23,4,21161.65,21161.65
GAM00238,COOP OSUSALA,DIVULAPITIYA,Dinuka Mayantha,CSO024904052,12-Jan-23,16,3712.8,3712.8
GAM00238,COOP OSUSALA,DIVULAPITIYA,Sithum Asela,CSO008019729,12-Jan-23,16,43712.9,43712.9
GAM00238,COOP OSUSALA,DIVULAPITIYA,Sumedha Nilanka,CSO007916923,13-Jan-23,15,9460.8,9460.8
GAMP008913,Crystal pharamacy,DIVULAPITIYA,Sumedha Nilanka,CSO007916961,26-Jan-23,2,2922.2,2922.2
GAMP008913,Crystal pharamacy,DIVULAPITIYA,Sithum Asela,CSO008019766,26-Jan-23,2,3325.3,3325.3
GAMP008913,Crystal pharamacy,DIVULAPITIYA,Dinuka Mayantha,CSO024904085,26-Jan-23,2,4794.9,4794.9
GAMP008913,Crystal pharamacy,DIVULAPITIYA,Sithum Asela,CSO008019899,27-Jan-23,1,3154.4,3154.4
GAMP005825,D&D PHARMACY,MINUWANGODA,Dinuka Mayantha,CSO024904024,11-Jan-23,17,15929.8,15929.8
GAMP005825,D&D PHARMACY,MINUWANGODA,Sithum Asela,CSO008019700,11-Jan-23,17,48709.9,48709.9
GAMP005825,D&D PHARMACY,MINUWANGODA,Sumedha Nilanka,CSO007916896,11-Jan-23,17,23970.5,23970.5
GAM00220,DAGONNA PHARMACY,MINUWANGODA,Sithum Asela,CSO008019794,18-Jan-23,10,5265,5265
GAM00164,DARSHANA PHARMACY,JA-ELA,Sithum Asela,CSO008019591,28-Dec-22,31,17051.3,17051.3
GAM00164,DARSHANA PHARMACY,JA-ELA,Sumedha Nilanka,CSO007916975,18-Jan-23,10,10184.6,10184.6
GAM00164,DARSHANA PHARMACY,JA-ELA,Sumedha Nilanka,CSO007916974,18-Jan-23,10,44386.1,44386.1
GAM00164,DARSHANA PHARMACY,JA-ELA,Sithum Asela,CSO008019787,18-Jan-23,10,24359,24359
GAM00164,DARSHANA PHARMACY,JA-ELA,Sithum Asela,CSO008019809,19-Jan-23,9,33414,33414
GAM00164,DARSHANA PHARMACY,JA-ELA,Sithum Asela,CSO008019831,20-Jan-23,8,11487,11487
GAM03415,Dinara Pharmacy,Kandana,Dinuka Mayantha,CSO024904087,17-Jan-23,11,1150.4,1150.4
GAMP006457,DINETH PHARMACY,Negombo,Sithum Asela,CSO008017609,1-Jun-22,241,80915,80915
GAMP005499,DIVYA PHARMACY,DIVULAPITIYA,Sumedha Nilanka,CSO007916041,27-Sep-22,123,15948.22,14310.4
GAMP005499,DIVYA PHARMACY,DIVULAPITIYA,Sithum Asela,CSO008018674,27-Sep-22,123,23591.5,23591.5
GAMP005499,DIVYA PHARMACY,DIVULAPITIYA,Dinuka Mayantha,CSO024903145,27-Sep-22,123,23579.4,23579.4
GAMP005499,DIVYA PHARMACY,DIVULAPITIYA,Sumedha Nilanka,CSO007916917,12-Jan-23,16,12937.5,12937.5
GAMP005499,DIVYA PHARMACY,DIVULAPITIYA,Sithum Asela,CSO008019724,12-Jan-23,16,30177.6,30177.6
GAMP005499,DIVYA PHARMACY,DIVULAPITIYA,Dinuka Mayantha,CSO024904045,12-Jan-23,16,7766.6,7766.6
GAMP005499,DIVYA PHARMACY,DIVULAPITIYA,Dinuka Mayantha,CSO024904199,26-Jan-23,2,3480.3,3480.3
GAMP005499,DIVYA PHARMACY,DIVULAPITIYA,Sumedha Nilanka,CSO007917069,27-Jan-23,1,11973.6,11973.6
GAMP005499,DIVYA PHARMACY,DIVULAPITIYA,Sithum Asela,CSO008019887,27-Jan-23,1,40874.6,40874.6
GAMP008666,Dr c nilan wijenayake,SEEDUWA,Sithum Asela,CSO008018280,18-Aug-22,163,39490,39490
GAMP006740,Dr Cecil fonseka,KOCHCHIKADE,Sithum Asela,CSO008018633,22-Sep-22,128,10974,10974
GAMP003612,Dr Chamimda Salgadu,SEEDUWA,Sithum Asela,CSO008019796,18-Jan-23,10,35113,35113
GAM00232,DR CHAMINDA SOORIYARACHCHI,MINUWANGODA,Sithum Asela,CSO008015799,29-Nov-21,425,74487,41505.2
GAM00232,DR CHAMINDA SOORIYARACHCHI,MINUWANGODA,Sithum Asela,CSO008015845,30-Nov-21,424,28890,28890
GAM00232,DR CHAMINDA SOORIYARACHCHI,MINUWANGODA,Sithum Asela,CSO008018631,22-Sep-22,128,7820,7820
GAM00232,DR CHAMINDA SOORIYARACHCHI,MINUWANGODA,Sithum Asela,CSO008018947,28-Oct-22,92,53590,53590
GAM00232,DR CHAMINDA SOORIYARACHCHI,MINUWANGODA,Sithum Asela,CSO008018951,31-Oct-22,89,197450,197450
GAM00232,DR CHAMINDA SOORIYARACHCHI,MINUWANGODA,Sithum Asela,CSO008019867,24-Jan-23,4,107300,107300
GAM00232,DR CHAMINDA SOORIYARACHCHI,MINUWANGODA,Sithum Asela,CSO008019866,24-Jan-23,4,118470,118470
GAM00189,DR D D ABESINGHE,JA-ELA,Sumedha Nilanka,CSO007915580,27-Jul-22,185,9485,9485
GAM00189,DR D D ABESINGHE,JA-ELA,Sithum Asela,CSO008018291,25-Aug-22,156,7846,7846
GAM00189,DR D D ABESINGHE,JA-ELA,Sumedha Nilanka,CSO007915921,15-Sep-22,135,56850,56850
GAM00189,DR D D ABESINGHE,JA-ELA,Sithum Asela,CSO008018863,28-Oct-22,92,37147,37147
GAM00189,DR D D ABESINGHE,JA-ELA,Sumedha Nilanka,IN0053001482,5-Nov-22,84,9485,9485
GAM00189,DR D D ABESINGHE,JA-ELA,Sumedha Nilanka,CSO007916622,2-Jan-23,26,591.4,591.4
GAM00158,DR DAYA FERNANDO,Kandana,Dinuka Mayantha,CSO024904167,24-Jan-23,4,3045,3045
GAMP005399,Dr Dinesh Abesinghe,JA-ELA,Sithum Asela,CSO008018984,28-Oct-22,92,4704,4704
GAM00251,DR GAMINI GUNAWARDENA,DIVULAPITIYA,Dinuka Mayantha,CSO024903673,1-Dec-22,58,10530,10530
GAM00251,DR GAMINI GUNAWARDENA,DIVULAPITIYA,Dinuka Mayantha,CSO024903727,8-Dec-22,51,9230,9230
GAM00251,DR GAMINI GUNAWARDENA,DIVULAPITIYA,Dinuka Mayantha,CSO024903862,22-Dec-22,37,73720,73720
GAMP005191,Dr Geeth Panditharathne,SEEDUWA,Sithum Asela,CSO008018549,14-Sep-22,136,227633,227633
GAMP006327,Dr iranthi adikaram,Negombo,Sithum Asela,CSO008016738,28-Feb-22,334,8205,8205
GAMP006623,Dr Iresha s dassanayake,Nittambuwa,Sithum Asela,IN0053001484,10-Nov-22,79,25940,25940
GAMP006623,Dr Iresha s dassanayake,Nittambuwa,Sithum Asela,IN0053001493,26-Nov-22,63,14485,14485
GAM03391,Dr Isuru Wijerathna,DIVULAPITIYA,Sumedha Nilanka,CSO007917070,26-Jan-23,2,5643,5643
GAMP004177,Dr J. K. N. Jayamaha dental care.,Negombo,Sithum Asela,CSO008016143,30-Dec-21,394,10129,10129
GAMP004177,Dr J. K. N. Jayamaha dental care.,Negombo,Dinuka Mayantha,CSO024902913,31-Aug-22,150,7333.2,7333.2
GAMP004177,Dr J. K. N. Jayamaha dental care.,Negombo,Dinuka Mayantha,CSO024903183,30-Sep-22,120,37650,37650
GAMP004177,Dr J. K. N. Jayamaha dental care.,Negombo,Dinuka Mayantha,CSO024903430,1-Nov-22,88,15239,15239
GAM00235,DR K R G UPASHANTHA,MINUWANGODA,Sithum Asela,CSO008018447,31-Aug-22,150,63420,63420
GAM00235,DR K R G UPASHANTHA,MINUWANGODA,Sithum Asela,CSO008018711,30-Sep-22,120,9313,9313
GAM00235,DR K R G UPASHANTHA,MINUWANGODA,Sithum Asela,CSO008018940,27-Oct-22,93,19565,19565
GAM00235,DR K R G UPASHANTHA,MINUWANGODA,Sithum Asela,CSO008019587,2-Jan-23,26,19565,19565
GAM03609,Dr Kumara Senadeera,Negombo,Sithum Asela,CSO008018627,22-Sep-22,128,72941,72941
GAM03609,Dr Kumara Senadeera,Negombo,Sithum Asela,CSO008018837,12-Oct-22,108,47040,47040
GAM00185,DR LAKSIRI LOKULIYANAGE,JA-ELA,Sithum Asela,CSO008019022,1-Nov-22,88,22904,22904
GAM00185,DR LAKSIRI LOKULIYANAGE,JA-ELA,Dinuka Mayantha,CSO024903422,1-Nov-22,88,9230,9230
GAM00185,DR LAKSIRI LOKULIYANAGE,JA-ELA,Sithum Asela,CSO008019300,1-Dec-22,58,22904,22904
GAM00318,DR MAHENDRA DAVID,KOCHCHIKADE,Sithum Asela,CSO008019501,16-Dec-22,43,5359,5359
GAM00318,DR MAHENDRA DAVID,KOCHCHIKADE,Sithum Asela,CSO008019534,21-Dec-22,38,4500,4500
GAM00318,DR MAHENDRA DAVID,KOCHCHIKADE,Sithum Asela,CSO008019547,22-Dec-22,37,15214,15214
GAM00318,DR MAHENDRA DAVID,KOCHCHIKADE,Sumedha Nilanka,CSO007916803,28-Dec-22,31,8983,8983
GAM00318,DR MAHENDRA DAVID,KOCHCHIKADE,Sithum Asela,CSO008019590,28-Dec-22,31,25610.2,25610.2
GAM00318,DR MAHENDRA DAVID,KOCHCHIKADE,Dinuka Mayantha,CSO024903911,28-Dec-22,31,10530,10530
GAM00318,DR MAHENDRA DAVID,KOCHCHIKADE,Sumedha Nilanka,CSO007916815,29-Dec-22,30,37410,37410
GAM00318,DR MAHENDRA DAVID,KOCHCHIKADE,Sithum Asela,CSO008019561,29-Dec-22,30,4704,4704
GAM00318,DR MAHENDRA DAVID,KOCHCHIKADE,Sumedha Nilanka,CSO007916827,31-Dec-22,28,54818,54818
GAM00318,DR MAHENDRA DAVID,KOCHCHIKADE,Sithum Asela,CSO008019616,31-Dec-22,28,36960,36960
GAM00318,DR MAHENDRA DAVID,KOCHCHIKADE,Dinuka Mayantha,CSO024903956,2-Jan-23,26,9230,9230
GAM00318,DR MAHENDRA DAVID,KOCHCHIKADE,Sumedha Nilanka,CSO007916855,5-Jan-23,23,15825,15825
GAM00318,DR MAHENDRA DAVID,KOCHCHIKADE,Sumedha Nilanka,CSO007916959,18-Jan-23,10,22462,22462
GAM00318,DR MAHENDRA DAVID,KOCHCHIKADE,Sithum Asela,CSO008019742,18-Jan-23,10,5359,5359
GAM00318,DR MAHENDRA DAVID,KOCHCHIKADE,Dinuka Mayantha,CSO024904066,18-Jan-23,10,29870,29870
GAM00318,DR MAHENDRA DAVID,KOCHCHIKADE,Dinuka Mayantha,CSO024904102,18-Jan-23,10,4096,4096
GAM00318,DR MAHENDRA DAVID,KOCHCHIKADE,Sumedha Nilanka,CSO007917022,23-Jan-23,5,17966,17966
GAM00318,DR MAHENDRA DAVID,KOCHCHIKADE,Sithum Asela,CSO008019861,24-Jan-23,4,29021,29021
GAM00318,DR MAHENDRA DAVID,KOCHCHIKADE,Dinuka Mayantha,CSO024904209,27-Jan-23,1,4096,4096
GAMP006248,Dr Mahesh n kodagoda,Kandana,Sithum Asela,IN0053001235,22-Mar-22,312,85300,85300
GAM00186,DR MAPITIGAMA,JA-ELA,Sithum Asela,CSO008016336,20-Jan-22,373,36034.11,2783.02
GAM00186,DR MAPITIGAMA,JA-ELA,Sumedha Nilanka,CSO007914472,8-Feb-22,354,29317,29317
GAM00186,DR MAPITIGAMA,JA-ELA,Sumedha Nilanka,CSO007914470,8-Feb-22,354,5879.53,5879.53
GAM00186,DR MAPITIGAMA,JA-ELA,Sithum Asela,IN0053001186,8-Feb-22,354,12905,12905
GAM00186,DR MAPITIGAMA,JA-ELA,Sithum Asela,IN0053001185,8-Feb-22,354,4474.6,4474.6
GAM00186,DR MAPITIGAMA,JA-ELA,Sumedha Nilanka,CSO007914944,11-Apr-22,292,8616,8616
GAM00186,DR MAPITIGAMA,JA-ELA,Sithum Asela,CSO008018987,28-Oct-22,92,4609,4609
GAMP007334,Dr menaka thilakarathne,Kandana,Sithum Asela,CSO008019520,20-Dec-22,39,39260,39260
GAMP007334,Dr menaka thilakarathne,Kandana,Sithum Asela,CSO008019560,23-Dec-22,36,39260,39260
GAMP007706,Dr Milinda Fernando,SEEDUWA,Sithum Asela,CSO008019565,30-Dec-22,29,14485,14485
GAMP005080,Dr Mohammed Ziyadh,Negombo,Dinuka Mayantha,CSO024904013,10-Jan-23,18,12496,12496
GAM00159,DR N S M MENDIS,Kandana,Sumedha Nilanka,CSO007916435,17-Nov-22,72,23375,23375
GAM00159,DR N S M MENDIS,Kandana,Sithum Asela,CSO008019432,20-Dec-22,39,24530,24530
GAM00159,DR N S M MENDIS,Kandana,Sumedha Nilanka,CSO007916746,20-Dec-22,39,22462,22462
GAM00159,DR N S M MENDIS,Kandana,Dinuka Mayantha,CSO024903840,21-Dec-22,38,10939,10939
GAM00159,DR N S M MENDIS,Kandana,Sithum Asela,CSO008019544,21-Dec-22,38,14960,14960
GAM00159,DR N S M MENDIS,Kandana,Sumedha Nilanka,CSO007916756,21-Dec-22,38,18171,18171
GAM00159,DR N S M MENDIS,Kandana,Sithum Asela,CSO008019562,23-Dec-22,36,12536,12536
GAMP005898,Dr nimesh pathirana,Negombo,Sithum Asela,IN0053001529,13-Jan-23,15,15583,15583
GAMP005898,Dr nimesh pathirana,Negombo,Sumedha Nilanka,CSO007916937,13-Jan-23,15,15825,15825
GAM00183,DR NIRANKA ILLUKPITIYA,JA-ELA,Sithum Asela,CSO008018083,26-Jul-22,186,4704,4704
GAM00183,DR NIRANKA ILLUKPITIYA,JA-ELA,Sithum Asela,CSO008018669,1-Oct-22,119,19175,19175
GAMP005318,Dr Niroshan prasanga,Negombo,Sithum Asela,CSO008019656,5-Jan-23,23,24359,24359
GAM00298,DR PRASANJAYA PRAMODITH,Negombo,Sumedha Nilanka,CSO007916982,18-Jan-23,10,15825,15825
GAM00298,DR PRASANJAYA PRAMODITH,Negombo,Sithum Asela,CSO008019819,20-Jan-23,8,6923,6923
GAMP007718,Dr Prasanna Fernando,JA-ELA,Sithum Asela,CSO008018862,24-Oct-22,96,11290,11290
GAMP007718,Dr Prasanna Fernando,JA-ELA,Sithum Asela,CSO008019262,30-Nov-22,59,4582,4582
GAMP005394,Dr Randeni R P J W,MINUWANGODA,Sumedha Nilanka,IN0053001248,4-Apr-22,299,765,765
GAMP005394,Dr Randeni R P J W,MINUWANGODA,Sithum Asela,CSO008019278,29-Nov-22,60,9660,9660
GAMP005394,Dr Randeni R P J W,MINUWANGODA,Sithum Asela,CSO008019713,11-Jan-23,17,61280,61280
GAMP005741,Dr rashanthi wijethunga,SEEDUWA,Sithum Asela,IN0053001434,17-Aug-22,164,20281,10000
GAMP005741,Dr rashanthi wijethunga,SEEDUWA,Dinuka Mayantha,CSO024903932,30-Dec-22,29,9473,9473
GAMP005104,Dr Rinzeena,Negombo,Sithum Asela,CSO008018454,31-Aug-22,150,122560,73536
GAMP005104,Dr Rinzeena,Negombo,Dinuka Mayantha,CSO024903283,26-Oct-22,94,19345.5,19345.5
GAMP005104,Dr Rinzeena,Negombo,Dinuka Mayantha,CSO024903743,2-Jan-23,26,38772,38772
GAM00156,DR RIZVI HASAN,Kandana,Sithum Asela,IN0053001289,27-Apr-22,276,54064.11,54064.11
GAM00156,DR RIZVI HASAN,Kandana,Dinuka Mayantha,CSO024904109,27-Jan-23,1,17922,17922
GAM03604,Dr Ruwinda Abeyrathne,DIVULAPITIYA,Sithum Asela,CSO008019321,1-Dec-22,58,26825,26825
GAM03604,Dr Ruwinda Abeyrathne,DIVULAPITIYA,Sumedha Nilanka,CSO007916817,2-Jan-23,26,34401,34401
GAM03604,Dr Ruwinda Abeyrathne,DIVULAPITIYA,Sithum Asela,IN0053001539,25-Jan-23,3,17705,17705
GAMP004791,Dr S S Dayarathna,MINUWANGODA,Dinuka Mayantha,CSO024903671,30-Nov-22,59,17566,17566
GAM00233,DR SALIYA BOMBUWALA,MINUWANGODA,Sithum Asela,CSO008018432,31-Aug-22,150,63420,63420
GAM00233,DR SALIYA BOMBUWALA,MINUWANGODA,Sithum Asela,CSO008018941,27-Oct-22,93,16037,16037
GAM00233,DR SALIYA BOMBUWALA,MINUWANGODA,Dinuka Mayantha,CSO024903475,9-Nov-22,80,18460,18460
GAM00233,DR SALIYA BOMBUWALA,MINUWANGODA,Sumedha Nilanka,CSO007916386,9-Nov-22,80,23375,23375
GAM00233,DR SALIYA BOMBUWALA,MINUWANGODA,Sithum Asela,CSO008019305,29-Nov-22,60,18878,18878
GAM00233,DR SALIYA BOMBUWALA,MINUWANGODA,Dinuka Mayantha,CSO024903775,20-Dec-22,39,18460,18460
GAM00233,DR SALIYA BOMBUWALA,MINUWANGODA,Sithum Asela,CSO008019600,2-Jan-23,26,39490,39490
GAMP006657,Dr Saman Perera,SEEDUWA,Sithum Asela,CSO008018773,4-Oct-22,116,30640,30640
GAMP006657,Dr Saman Perera,SEEDUWA,Sithum Asela,CSO008019701,12-Jan-23,16,30640,30640
GAM03339,Dr Samankula,Kandana,Sumedha Nilanka,CSO007917005,20-Jan-23,8,7474,7474
GAM03339,Dr Samankula,Kandana,Sithum Asela,CSO008019821,20-Jan-23,8,5359,5359
GAM03308,Dr Sujith Nonis,JA-ELA,Sithum Asela,CSO008015865,1-Dec-21,423,25594,25594
GAM03308,Dr Sujith Nonis,JA-ELA,Sithum Asela,CSO008016047,31-Dec-21,393,5120,5120
GAM03308,Dr Sujith Nonis,JA-ELA,Sithum Asela,IN0053001121,11-Jan-22,382,3717,3717
GAMP008618,Dr suntharalingum,Negombo,Dinuka Mayantha,CSO024904207,27-Jan-23,1,6521,6521
GAMP006251,Dr Sydney Perera,MINUWANGODA,Dinuka Mayantha,CSO024901752,4-Apr-22,299,72800,72800
GAMP006251,Dr Sydney Perera,MINUWANGODA,Dinuka Mayantha,CSO024901737,4-Apr-22,299,36400,36400
GAMP007846,Dr Waruna D. Kumara,SEEDUWA,Dinuka Mayantha,CSO024904044,13-Jan-23,15,36450,36450
GAM00209,DR WELIKALA,SEEDUWA,Dinuka Mayantha,CSO024904183,24-Jan-23,4,11948,11948
GAMP008922,Dr. Nimal sovis,JA-ELA,Dinuka Mayantha,CSO024903785,14-Dec-22,45,11921.5,11921.5
GAMP008922,Dr. Nimal sovis,JA-ELA,Dinuka Mayantha,CSO024903874,22-Dec-22,37,11068.4,11068.4
GAM03306,Dr. NISHANTHA WIKRAMASINHA,JA-ELA,Sithum Asela,CSO008018723,1-Oct-22,119,19614,19614
GAM03306,Dr. NISHANTHA WIKRAMASINHA,JA-ELA,Sithum Asela,CSO008019263,30-Nov-22,59,11455,11455
GAM03306,Dr. NISHANTHA WIKRAMASINHA,JA-ELA,Sithum Asela,CSO008019614,2-Jan-23,26,10974,10974
GAM03306,Dr. NISHANTHA WIKRAMASINHA,JA-ELA,Sithum Asela,CSO008019782,20-Jan-23,8,6410,6410
GAM03493,Dr.Viraj Peramuna,JA-ELA,Dinuka Mayantha,CSO024903147,1-Oct-22,119,64520,64520
GAM03493,Dr.Viraj Peramuna,JA-ELA,Sithum Asela,CSO008018632,1-Oct-22,119,18043,18043
GAM03493,Dr.Viraj Peramuna,JA-ELA,Sithum Asela,CSO008018983,28-Oct-22,92,18043,18043
GAM03493,Dr.Viraj Peramuna,JA-ELA,Dinuka Mayantha,CSO024903419,1-Nov-22,88,123145,123145
GAM03493,Dr.Viraj Peramuna,JA-ELA,Dinuka Mayantha,CSO024903702,2-Dec-22,57,77424,77424
GAM03493,Dr.Viraj Peramuna,JA-ELA,Dinuka Mayantha,CSO024903949,2-Jan-23,26,26729.7,26729.7
GAM03493,Dr.Viraj Peramuna,JA-ELA,Dinuka Mayantha,CSO024904144,27-Jan-23,1,38712,38712
GAM00245,DUNAGAHA OSUSALA,DIVULAPITIYA,Sumedha Nilanka,CSO007915037,30-Apr-22,273,18970,18970
GAM00245,DUNAGAHA OSUSALA,DIVULAPITIYA,Dinuka Mayantha,CSO024903749,10-Dec-22,49,2961.6,2961.6
GAM00245,DUNAGAHA OSUSALA,DIVULAPITIYA,Sithum Asela,CSO008019425,10-Dec-22,49,29664.9,29664.9
GAM00245,DUNAGAHA OSUSALA,DIVULAPITIYA,Sumedha Nilanka,CSO007916665,10-Dec-22,49,11799.4,11799.4
GAM00245,DUNAGAHA OSUSALA,DIVULAPITIYA,Sithum Asela,IN0053001531,16-Jan-23,12,9759.8,9759.8
GAM00245,DUNAGAHA OSUSALA,DIVULAPITIYA,Dinuka Mayantha,CSO024904203,27-Jan-23,1,4447,4447
GAM00245,DUNAGAHA OSUSALA,DIVULAPITIYA,Sithum Asela,CSO008019892,27-Jan-23,1,25581.5,25581.5
GAM00245,DUNAGAHA OSUSALA,DIVULAPITIYA,Sumedha Nilanka,CSO007917074,27-Jan-23,1,9553.8,9553.8
GAMP008940,FALKEN Hospital,DIVULAPITIYA,Sithum Asela,CSO008019898,27-Jan-23,1,16765,16765
GAMP005803,FAMILY CARE PHARMACY,Negombo,Sithum Asela,CSO008019793,18-Jan-23,10,76393.2,76393.2
GAMP008329,FOUR PAWS ANIMAL HOSPITAL,KOCHCHIKADE,Sumedha Nilanka,CSO007916913,12-Jan-23,16,12098.8,12098.8
GAMP008690,Gen-x pharmacy,MINUWANGODA,Sumedha Nilanka,CSO007916789,23-Dec-22,36,11793.5,44.68
GAM00148,GIMSHANI PHARMACY,Kandana,Sumedha Nilanka,CSO007916735,20-Dec-22,39,7183.5,7183.5
GAM00148,GIMSHANI PHARMACY,Kandana,Sithum Asela,CSO008019675,9-Jan-23,19,3835,3835
GAM00148,GIMSHANI PHARMACY,Kandana,Sithum Asela,CSO008019671,9-Jan-23,19,33347.2,29434.2
GAM00148,GIMSHANI PHARMACY,Kandana,Dinuka Mayantha,CSO024904112,19-Jan-23,9,4121.3,4121.3
GAM00148,GIMSHANI PHARMACY,Kandana,Sithum Asela,CSO008019815,20-Jan-23,8,7852,7852
GAM00148,GIMSHANI PHARMACY,Kandana,Sumedha Nilanka,CSO007916993,20-Jan-23,8,14118.8,14118.8
GAM00148,GIMSHANI PHARMACY,Kandana,Sumedha Nilanka,CSO007917001,20-Jan-23,8,11287.6,4243.9
GAM00148,GIMSHANI PHARMACY,Kandana,Sumedha Nilanka,CSO007917000,20-Jan-23,8,3791,3791
GAM00148,GIMSHANI PHARMACY,Kandana,Sithum Asela,CSO008019850,23-Jan-23,5,28121.5,28121.5
GAM00149,GOLDEN CHEMIST,Kandana,Dinuka Mayantha,CSO024904111,19-Jan-23,9,11668.7,11668.7
GAM00149,GOLDEN CHEMIST,Kandana,Sumedha Nilanka,CSO007916989,19-Jan-23,9,10184.6,10184.6
GAMP007466,Growth ex pharmacy,DIVULAPITIYA,Dinuka Mayantha,CSO024903683,30-Nov-22,59,15549,15549
GAM00145,HANSI PHARMACY,Kandana,Sithum Asela,CSO008019598,29-Dec-22,30,10207.6,10207.6
GAM00145,HANSI PHARMACY,Kandana,Dinuka Mayantha,CSO024903963,3-Jan-23,25,1907.6,1907.6
GAM00145,HANSI PHARMACY,Kandana,Sumedha Nilanka,CSO007916840,3-Jan-23,25,2957,2957
GAM00145,HANSI PHARMACY,Kandana,Sithum Asela,CSO008019697,11-Jan-23,17,17048.5,17048.5
GAM00145,HANSI PHARMACY,Kandana,Sumedha Nilanka,CSO007917079,27-Jan-23,1,3078.3,3078.3
GAMP008960,Hasitha Fernando,Negombo,Sithum Asela,CSO008019784,18-Jan-23,10,13846,13846
GAMP008960,Hasitha Fernando,Negombo,Sumedha Nilanka,CSO007917004,20-Jan-23,8,4675,4675
GAM00267,HEALING PHARMACY,Negombo,Sithum Asela,CSO008019286,28-Nov-22,61,54310.1,54310.1
GAM00267,HEALING PHARMACY,Negombo,Sumedha Nilanka,CSO007916678,24-Dec-22,35,7268.4,7268.4
GAM00267,HEALING PHARMACY,Negombo,Sumedha Nilanka,CSO007916810,31-Dec-22,28,63554.1,63554.1
GAM00267,HEALING PHARMACY,Negombo,Sithum Asela,CSO008019608,31-Dec-22,28,65743.8,65743.8
GAM00267,HEALING PHARMACY,Negombo,Dinuka Mayantha,CSO024903916,31-Dec-22,28,25535.9,25535.9
GAM00267,HEALING PHARMACY,Negombo,Dinuka Mayantha,CSO024903930,31-Dec-22,28,4325,4325
GAMP008271,Health AURA pharmacy,MINUWANGODA,Sithum Asela,CSO008019885,26-Jan-23,2,32973.6,32973.6
GAMP008271,Health AURA pharmacy,MINUWANGODA,Sumedha Nilanka,CSO007917068,26-Jan-23,2,25060.8,25060.8
GAMP008271,Health AURA pharmacy,MINUWANGODA,Dinuka Mayantha,CSO024904197,26-Jan-23,2,9170.48,9170.48
GAM00151,HEALTH LINE PHARMACY,Kandana,Dinuka Mayantha,CSO024903585,18-Nov-22,71,7227.6,7227.6
GAM00151,HEALTH LINE PHARMACY,Kandana,Sithum Asela,CSO008019192,18-Nov-22,71,26028.5,26028.5
GAM00151,HEALTH LINE PHARMACY,Kandana,Sumedha Nilanka,CSO007916477,18-Nov-22,71,26281.4,26281.4
GAM00151,HEALTH LINE PHARMACY,Kandana,Dinuka Mayantha,CSO024903817,20-Dec-22,39,1956.3,1956.3
GAM00151,HEALTH LINE PHARMACY,Kandana,Sithum Asela,CSO008019515,20-Dec-22,39,5565.4,5565.4
GAM00151,HEALTH LINE PHARMACY,Kandana,Sumedha Nilanka,CSO007916737,21-Dec-22,38,27476.9,27476.9
GAM00151,HEALTH LINE PHARMACY,Kandana,Dinuka Mayantha,CSO024903866,22-Dec-22,37,2595,2595
GAM00276,HEALTHCARE PHARMACY,Negombo,Sithum Asela,IN0053001520,31-Dec-22,28,13564,13564
GAM00276,HEALTHCARE PHARMACY,Negombo,Sumedha Nilanka,CSO007916930,13-Jan-23,15,7488.9,3488.9
GAM00276,HEALTHCARE PHARMACY,Negombo,Dinuka Mayantha,CSO024904055,13-Jan-23,15,2788,2788
GAM00276,HEALTHCARE PHARMACY,Negombo,Sumedha Nilanka,CSO007916939,14-Jan-23,14,21886.5,21886.5
GAM00198,HEALTHCARE PHARMACY,SEEDUWA,Sithum Asela,CSO008019758,17-Jan-23,11,15704,15704
GAM00276,HEALTHCARE PHARMACY,Negombo,Sithum Asela,CSO008019757,17-Jan-23,11,36786,36786
GAM00198,HEALTHCARE PHARMACY,SEEDUWA,Sithum Asela,CSO008019797,18-Jan-23,10,12849.55,12849.55
GAM00276,HEALTHCARE PHARMACY,Negombo,Sithum Asela,CSO008019830,20-Jan-23,8,7392,7392
GAM00198,HEALTHCARE PHARMACY,SEEDUWA,Sumedha Nilanka,CSO007917050,24-Jan-23,4,11156.2,11156.2
GAM00198,HEALTHCARE PHARMACY,SEEDUWA,Dinuka Mayantha,CSO024904184,24-Jan-23,4,805.2,805.2
GAM00276,HEALTHCARE PHARMACY,Negombo,Sumedha Nilanka,CSO007917080,27-Jan-23,1,2000,2000
GAM00276,HEALTHCARE PHARMACY,Negombo,Dinuka Mayantha,CSO024904212,27-Jan-23,1,5818.8,5818.8
GAMP006678,HIMAYA PHARMACY,DIVULAPITIYA,Sithum Asela,CSO008018972,28-Oct-22,92,30761.7,7960
GAMP006678,HIMAYA PHARMACY,DIVULAPITIYA,Sumedha Nilanka,CSO007916925,13-Jan-23,15,1094.9,1094.9
GAMP006678,HIMAYA PHARMACY,DIVULAPITIYA,Sumedha Nilanka,CSO007917077,27-Jan-23,1,9355.6,9355.6
GAMP006678,HIMAYA PHARMACY,DIVULAPITIYA,Sithum Asela,CSO008019896,27-Jan-23,1,20760.6,20760.6
GAMP006678,HIMAYA PHARMACY,DIVULAPITIYA,Dinuka Mayantha,CSO024904206,27-Jan-23,1,2644.4,2644.4
GAM00246,HIRU PHARMACY,DIVULAPITIYA,Dinuka Mayantha,CSO024903903,31-Dec-22,28,15100.28,15100.28
GAM00246,HIRU PHARMACY,DIVULAPITIYA,Sithum Asela,CSO008019582,31-Dec-22,28,144888.2,144888.2
GAM00246,HIRU PHARMACY,DIVULAPITIYA,Sumedha Nilanka,CSO007916797,31-Dec-22,28,35896.5,35896.5
GAM00246,HIRU PHARMACY,DIVULAPITIYA,Dinuka Mayantha,CSO024903995,9-Jan-23,19,36216,36216
GAM00246,HIRU PHARMACY,DIVULAPITIYA,Sithum Asela,CSO008019775,18-Jan-23,10,11847,11847
GAMP005251,Induwara Pharmacy,SEEDUWA,Dinuka Mayantha,CSO024904068,17-Jan-23,11,13991,13991
GAMP005251,Induwara Pharmacy,SEEDUWA,Sumedha Nilanka,CSO007916999,20-Jan-23,8,6213.5,6213.5
GAMP005251,Induwara Pharmacy,SEEDUWA,Sumedha Nilanka,CSO007916887,20-Jan-23,8,6213.5,6213.5
GAMP005251,Induwara Pharmacy,SEEDUWA,Dinuka Mayantha,CSO024903996,20-Jan-23,8,2047.8,2047.8
GAM00255,J  J PHARMACY,Negombo,Dinuka Mayantha,CSO024903439,2-Nov-22,87,3451.2,3451.2
GAM00255,J  J PHARMACY,Negombo,Sithum Asela,CSO008019735,17-Jan-23,11,7897.5,7623.1
GAM00255,J  J PHARMACY,Negombo,Dinuka Mayantha,CSO024904088,17-Jan-23,11,1697.4,1697.4
GAMP008823,j.a.c.k jayasinghe,Negombo,Sithum Asela,IN0053001478,25-Oct-22,95,3324,3324
GAMP007181,Jayakodi pharmacy,JA-ELA,Sumedha Nilanka,CSO007914825,30-Mar-22,304,31620,31620
GAM00277,JAYAKODY PHARMACY,Negombo,Sithum Asela,CSO008019328,30-Nov-22,59,5692,5692
GAM00277,JAYAKODY PHARMACY,Negombo,Sumedha Nilanka,CSO007916695,13-Dec-22,46,25307.6,25307.6
GAM00277,JAYAKODY PHARMACY,Negombo,Sithum Asela,CSO008019473,13-Dec-22,46,37430.85,37430.85
GAM00277,JAYAKODY PHARMACY,Negombo,Dinuka Mayantha,CSO024903774,13-Dec-22,46,12734,12734
GAMP006091,JAYAMAHA PHAMASUTICAL,JA-ELA,Sumedha Nilanka,CSO007914126,31-Dec-21,393,56155,56155
GAM00205,JAYANTHI PHARMACY,SEEDUWA,Sumedha Nilanka,CSO007916675,13-Dec-22,46,13025.9,13025.9
GAM00205,JAYANTHI PHARMACY,SEEDUWA,Dinuka Mayantha,CSO024903760,13-Dec-22,46,14806.9,12149.3
GAM00205,JAYANTHI PHARMACY,SEEDUWA,Dinuka Mayantha,CSO024903882,22-Dec-22,37,1856.4,1856.4
GAM00205,JAYANTHI PHARMACY,SEEDUWA,Sumedha Nilanka,CSO007916775,23-Dec-22,36,21612,21612
GAMP008906,Jayasuriya pharmacy,Kandana,Sumedha Nilanka,CSO007916549,26-Nov-22,63,11612.8,11612.8
GAMP008906,Jayasuriya pharmacy,Kandana,Sithum Asela,CSO008019531,20-Dec-22,39,8421.2,8421.2
GAMP008906,Jayasuriya pharmacy,Kandana,Sumedha Nilanka,CSO007916998,24-Jan-23,4,636.5,636.5
GAMP008906,Jayasuriya pharmacy,Kandana,Dinuka Mayantha,CSO024903964,24-Jan-23,4,15485.9,15485.9
GAMP008906,Jayasuriya pharmacy,Kandana,Dinuka Mayantha,CSO024904118,24-Jan-23,4,2576.8,2576.8
GAMP007191,Jayaweera pharmacy,SEEDUWA,Sithum Asela,CSO008017882,27-Jun-22,215,9960.6,9960.6
GAM03243,Jeewanthi Pharmacy,DIVULAPITIYA,Sithum Asela,CSO008018979,31-Oct-22,89,30510,30510
GAM03243,Jeewanthi Pharmacy,DIVULAPITIYA,Dinuka Mayantha,CSO024903680,30-Nov-22,59,81435,81435
GAM03243,Jeewanthi Pharmacy,DIVULAPITIYA,Sumedha Nilanka,CSO007916660,10-Dec-22,49,63609,38343
GAM03243,Jeewanthi Pharmacy,DIVULAPITIYA,Dinuka Mayantha,CSO024903742,10-Dec-22,49,157228.8,145561.8
GAM03243,Jeewanthi Pharmacy,DIVULAPITIYA,Dinuka Mayantha,CSO024903861,29-Dec-22,30,45180,45180
GAM00230,K  K PHARMACY,MINUWANGODA,Sumedha Nilanka,CSO007916900,11-Jan-23,17,10184.6,10184.6
GAM00294,K F D (PVT) LTD.,Negombo,Sithum Asela,CSO008016800,28-Feb-22,334,385554.5,8486.92
GAM00294,K F D (PVT) LTD.,Negombo,Sithum Asela,CSO008018731,1-Oct-22,119,252705,5054.1
GAM00294,K F D (PVT) LTD.,Negombo,Sumedha Nilanka,CSO007916334,31-Oct-22,89,90855,908.58
GAMP008239,K V PHARMACY,Negombo,Dinuka Mayantha,CSO024904056,13-Jan-23,15,11091.4,11091.4
GAMP008239,K V PHARMACY,Negombo,Dinuka Mayantha,CSO024904213,27-Jan-23,1,1792.2,1792.2
GAMP008239,K V PHARMACY,Negombo,Sumedha Nilanka,CSO007917081,27-Jan-23,1,16528.5,16528.5
GAM00229,KALASI PHARMACY,MINUWANGODA,Dinuka Mayantha,CSO024903828,22-Dec-22,37,6410.2,6410.2
GAM00229,KALASI PHARMACY,MINUWANGODA,Sumedha Nilanka,CSO007916751,22-Dec-22,37,13935,13935
GAM00229,KALASI PHARMACY,MINUWANGODA,Dinuka Mayantha,CSO024904195,26-Jan-23,2,1494,1494
GAM00229,KALASI PHARMACY,MINUWANGODA,Sithum Asela,CSO008019858,26-Jan-23,2,6132.5,6132.5
GAM00229,KALASI PHARMACY,MINUWANGODA,Sithum Asela,CSO008019882,26-Jan-23,2,961.5,961.5
GAM00229,KALASI PHARMACY,MINUWANGODA,Sithum Asela,CSO008019884,26-Jan-23,2,4215.05,4215.05
GAM00229,KALASI PHARMACY,MINUWANGODA,Sumedha Nilanka,CSO007917065,26-Jan-23,2,1402.5,1402.5
GAM00229,KALASI PHARMACY,MINUWANGODA,Sumedha Nilanka,CSO007917055,26-Jan-23,2,11108.2,11108.2
GAM00281,KALIDSON PHARMACY,Negombo,Sithum Asela,CSO008019615,31-Dec-22,28,9660,9660
GAM00281,KALIDSON PHARMACY,Negombo,Sithum Asela,CSO008019665,11-Jan-23,17,105806.35,105806.35
GAM00281,KALIDSON PHARMACY,Negombo,Dinuka Mayantha,CSO024903991,11-Jan-23,17,34927.2,34927.2
GAM00281,KALIDSON PHARMACY,Negombo,Sumedha Nilanka,CSO007916969,18-Jan-23,10,12823.1,12823.1
GAM00281,KALIDSON PHARMACY,Negombo,Dinuka Mayantha,CSO024904098,18-Jan-23,10,10021,10021
GAM00281,KALIDSON PHARMACY,Negombo,Dinuka Mayantha,CSO024904137,21-Jan-23,7,18108,18108
GAM00281,KALIDSON PHARMACY,Negombo,Sithum Asela,CSO008019846,23-Jan-23,5,6128,6128
GAM00281,KALIDSON PHARMACY,Negombo,Dinuka Mayantha,CSO024904141,23-Jan-23,5,2430,2430
GAM00281,KALIDSON PHARMACY,Negombo,Sumedha Nilanka,CSO007917035,24-Jan-23,4,4492.4,4492.4
GAM00143,KANDANA OSUSALA,Kandana,Dinuka Mayantha,CSO024902744,16-Aug-22,165,2435.8,1309.75
GAM00143,KANDANA OSUSALA,Kandana,Sithum Asela,CSO008018250,16-Aug-22,165,14960,1908.4
GAM00143,KANDANA OSUSALA,Kandana,Sithum Asela,CSO008018271,17-Aug-22,164,14960,291.4
GAM00143,KANDANA OSUSALA,Kandana,Sithum Asela,CSO008018279,18-Aug-22,163,14960,41.8
GAM00143,KANDANA OSUSALA,Kandana,Sithum Asela,CSO008018307,22-Aug-22,159,29920,78.3
GAM00143,KANDANA OSUSALA,Kandana,Dinuka Mayantha,CSO024903057,17-Sep-22,133,30450,723.5
GAM00143,KANDANA OSUSALA,Kandana,Dinuka Mayantha,CSO024904086,17-Jan-23,11,18513.7,6154.2
GAM00143,KANDANA OSUSALA,Kandana,Dinuka Mayantha,CSO024904169,24-Jan-23,4,30450,30450
GAM00284,KANDAWALA PHARMACY,Negombo,Sumedha Nilanka,CSO007916841,4-Jan-23,24,7138.4,7138.4
GAM00284,KANDAWALA PHARMACY,Negombo,Dinuka Mayantha,CSO024903965,4-Jan-23,24,2358.2,2358.2
GAM00284,KANDAWALA PHARMACY,Negombo,Sithum Asela,CSO008019721,12-Jan-23,16,30675,30675
GAM00284,KANDAWALA PHARMACY,Negombo,Dinuka Mayantha,CSO024904042,12-Jan-23,16,5376.2,5376.2
GAM00284,KANDAWALA PHARMACY,Negombo,Sithum Asela,CSO008019737,14-Jan-23,14,39342.1,39342.1
GAM00284,KANDAWALA PHARMACY,Negombo,Sumedha Nilanka,CSO007916965,17-Jan-23,11,25013.5,25013.5
GAM00284,KANDAWALA PHARMACY,Negombo,Dinuka Mayantha,CSO024904093,17-Jan-23,11,4827.2,4827.2
GAM00284,KANDAWALA PHARMACY,Negombo,Sithum Asela,CSO008019865,24-Jan-23,4,28356.9,28356.9
GAM00284,KANDAWALA PHARMACY,Negombo,Sumedha Nilanka,CSO007917064,26-Jan-23,2,2957,2957
GAM00144,KAPUWATTE PHARMACY,Kandana,Sithum Asela,CSO008018595,19-Sep-22,131,7626.5,7626.5
GAM00144,KAPUWATTE PHARMACY,Kandana,Dinuka Mayantha,CSO024903962,3-Jan-23,25,384.6,384.6
GAM00144,KAPUWATTE PHARMACY,Kandana,Sumedha Nilanka,CSO007916839,3-Jan-23,25,1026.1,1026.1
GAM00144,KAPUWATTE PHARMACY,Kandana,Sithum Asela,CSO008019674,10-Jan-23,18,8891.4,8891.4
GAM00144,KAPUWATTE PHARMACY,Kandana,Sithum Asela,CSO008019856,24-Jan-23,4,5977.6,5977.6
GAM03329,Lak osusala,SEEDUWA,Dinuka Mayantha,CSO024903434,1-Nov-22,88,32785,32785
GAM00242,LAKRUWAN PHARMACY,DIVULAPITIYA,Sumedha Nilanka,CSO007916662,22-Dec-22,37,7513.1,6459.9
GAM00242,LAKRUWAN PHARMACY,DIVULAPITIYA,Dinuka Mayantha,CSO024904047,12-Jan-23,16,3920.98,3920.98
GAM00242,LAKRUWAN PHARMACY,DIVULAPITIYA,Dinuka Mayantha,CSO024904200,26-Jan-23,2,4146,4146
GAM00242,LAKRUWAN PHARMACY,DIVULAPITIYA,Sithum Asela,CSO008019889,26-Jan-23,2,22686.2,22686.2
GAM00242,LAKRUWAN PHARMACY,DIVULAPITIYA,Sumedha Nilanka,CSO007917071,26-Jan-23,2,9542.3,9542.3
GAM00300,LAKSHI PHARMACY,KOCHCHIKADE,Sithum Asela,CSO008019687,11-Jan-23,17,51506.6,51506.6
GAM00300,LAKSHI PHARMACY,KOCHCHIKADE,Dinuka Mayantha,CSO024904105,18-Jan-23,10,16482.9,16482.9
GAM00300,LAKSHI PHARMACY,KOCHCHIKADE,Sumedha Nilanka,CSO007916986,19-Jan-23,9,21290.7,21290.7
GAM00300,LAKSHI PHARMACY,KOCHCHIKADE,Sithum Asela,CSO008019909,27-Jan-23,1,50405,50405
GAMP004969,Lanka Pharmacy Ganemulla,Kandana,Dinuka Mayantha,CSO024903515,22-Nov-22,67,11531.6,11531.6
GAMP004969,Lanka Pharmacy Ganemulla,Kandana,Sumedha Nilanka,CSO007916801,28-Dec-22,31,101846,29.64
GAMP004969,Lanka Pharmacy Ganemulla,Kandana,Sithum Asela,CSO008019636,5-Jan-23,23,145447.53,145447.53
GAMP004969,Lanka Pharmacy Ganemulla,Kandana,Sithum Asela,CSO008019634,5-Jan-23,23,68975,68975
GAMP004969,Lanka Pharmacy Ganemulla,Kandana,Dinuka Mayantha,CSO024903966,5-Jan-23,23,32728,32728
GAMP004969,Lanka Pharmacy Ganemulla,Kandana,Sumedha Nilanka,CSO007917002,20-Jan-23,8,28875.5,28875.5
GAMP004969,Lanka Pharmacy Ganemulla,Kandana,Sithum Asela,CSO008019820,20-Jan-23,8,164594.3,161260.9
GAMP004969,Lanka Pharmacy Ganemulla,Kandana,Dinuka Mayantha,CSO024904123,20-Jan-23,8,4487.1,4487.1
GAMP004969,Lanka Pharmacy Ganemulla,Kandana,Dinuka Mayantha,CSO024904122,20-Jan-23,8,55216.56,55216.56
GAMP004969,Lanka Pharmacy Ganemulla,Kandana,Sumedha Nilanka,CSO007917012,21-Jan-23,7,14948,14948
GAMP007968,Lanka pharmacy Ja ela,JA-ELA,Sumedha Nilanka,CSO007917020,23-Jan-23,5,68109.4,68109.4
GAM00216,LASITH PHARMACY,MINUWANGODA,Dinuka Mayantha,CSO024903973,9-Jan-23,19,11854.4,11854.4
GAM00216,LASITH PHARMACY,MINUWANGODA,Sithum Asela,CSO008019680,11-Jan-23,17,20849.5,20849.5
GAM00216,LASITH PHARMACY,MINUWANGODA,Dinuka Mayantha,CSO024904037,12-Jan-23,16,17922,17922
GAM00216,LASITH PHARMACY,MINUWANGODA,Dinuka Mayantha,CSO024904035,12-Jan-23,16,7239,7239
GAM00216,LASITH PHARMACY,MINUWANGODA,Sithum Asela,CSO008019714,12-Jan-23,16,6128,6128
GAM00216,LASITH PHARMACY,MINUWANGODA,Sumedha Nilanka,CSO007916910,12-Jan-23,16,4695.8,4695.8
GAM00216,LASITH PHARMACY,MINUWANGODA,Dinuka Mayantha,CSO024904150,26-Jan-23,2,7145,7145
GAM00216,LASITH PHARMACY,MINUWANGODA,Sumedha Nilanka,CSO007917063,26-Jan-23,2,2989.6,2989.6
GAM00204,LAXSIRI PHARMACY,SEEDUWA,Sithum Asela,CSO008019799,19-Jan-23,9,27769.7,25864.6
GAM00204,LAXSIRI PHARMACY,SEEDUWA,Sumedha Nilanka,CSO007917046,25-Jan-23,3,9437.2,9437.2
GAM00204,LAXSIRI PHARMACY,SEEDUWA,Dinuka Mayantha,CSO024904177,25-Jan-23,3,22898.3,22898.3
GAMP004203,M. P. C. S OSUSALA,Negombo,Dinuka Mayantha,CSO024904071,16-Jan-23,12,12205.7,12205.7
GAMP004203,M. P. C. S OSUSALA,Negombo,Sumedha Nilanka,CSO007916943,16-Jan-23,12,10184.6,10184.6
GAMP004203,M. P. C. S OSUSALA,Negombo,Sithum Asela,CSO008019762,17-Jan-23,11,92517.4,92517.4
GAM00224,M.C PHARMACY,MINUWANGODA,Sithum Asela,CSO008018834,12-Oct-22,108,212959,212959
GAM00224,M.C PHARMACY,MINUWANGODA,Dinuka Mayantha,CSO024903951,2-Jan-23,26,16915,16915
GAM00224,M.C PHARMACY,MINUWANGODA,Sithum Asela,CSO008019684,10-Jan-23,18,101638.5,101638.5
GAM00224,M.C PHARMACY,MINUWANGODA,Sithum Asela,CSO008019744,16-Jan-23,12,38549,38549
GAM00224,M.C PHARMACY,MINUWANGODA,Dinuka Mayantha,CSO024904036,27-Jan-23,1,35339.9,35339.9
GAM00224,M.C PHARMACY,MINUWANGODA,Sithum Asela,CSO008019715,27-Jan-23,1,102043.6,102043.6
GAM00224,M.C PHARMACY,MINUWANGODA,Sumedha Nilanka,CSO007916911,27-Jan-23,1,41638.2,41638.2
GAM00241,M.P.C.S  OSUSALA,DIVULAPITIYA,Dinuka Mayantha,CSO024904050,12-Jan-23,16,18498.2,13725.5
GAM00241,M.P.C.S  OSUSALA,DIVULAPITIYA,Sithum Asela,CSO008019728,12-Jan-23,16,140740.55,140740.55
GAM00241,M.P.C.S  OSUSALA,DIVULAPITIYA,Sumedha Nilanka,CSO007916922,12-Jan-23,16,38498.6,32881.6
GAM00250,MADURI PHARMACY,DIVULAPITIYA,Dinuka Mayantha,CSO024904043,12-Jan-23,16,28112.2,28112.2
GAM00250,MADURI PHARMACY,DIVULAPITIYA,Sithum Asela,CSO008019723,12-Jan-23,16,30529.5,30529.5
GAM00250,MADURI PHARMACY,DIVULAPITIYA,Sumedha Nilanka,CSO007916915,12-Jan-23,16,18882.1,18882.1
GAM00250,MADURI PHARMACY,DIVULAPITIYA,Sithum Asela,CSO008019886,26-Jan-23,2,6410,6410
GAMP005679,Maduwantha pharmacy,DIVULAPITIYA,Sithum Asela,CSO008019279,30-Nov-22,59,11057,11057
GAMP005679,Maduwantha pharmacy,DIVULAPITIYA,Sumedha Nilanka,CSO007916914,12-Jan-23,16,15825,15825
GAM00279,MAHAJANA OSUSALA,Negombo,Sithum Asela,CSO008019271,24-Nov-22,65,39260,39260
GAM00279,MAHAJANA OSUSALA,Negombo,Sithum Asela,CSO008019281,26-Nov-22,63,122650,3637.75
GAM00279,MAHAJANA OSUSALA,Negombo,Dinuka Mayantha,CSO024903659,28-Nov-22,61,15225,15225
GAM00279,MAHAJANA OSUSALA,Negombo,Sithum Asela,CSO008019336,1-Dec-22,58,1648,1648
GAM00279,MAHAJANA OSUSALA,Negombo,Sithum Asela,CSO008019335,1-Dec-22,58,12196.2,12196.2
GAM00279,MAHAJANA OSUSALA,Negombo,Sithum Asela,CSO008019487,14-Dec-22,45,78520,78520
GAM00279,MAHAJANA OSUSALA,Negombo,Sumedha Nilanka,CSO007916727,16-Dec-22,43,197940,197940
GAM00279,MAHAJANA OSUSALA,Negombo,Sithum Asela,CSO008019529,20-Dec-22,39,39880,23855
GAM00279,MAHAJANA OSUSALA,Negombo,Sumedha Nilanka,CSO007916758,21-Dec-22,38,95886,95886
GAM00279,MAHAJANA OSUSALA,Negombo,Sithum Asela,CSO008019535,21-Dec-22,38,105955,105955
GAM00279,MAHAJANA OSUSALA,Negombo,Dinuka Mayantha,CSO024903846,21-Dec-22,38,27880,27880
GAM00279,MAHAJANA OSUSALA,Negombo,Sumedha Nilanka,CSO007916825,2-Jan-23,26,5981.2,5981.2
GAM00279,MAHAJANA OSUSALA,Negombo,Dinuka Mayantha,CSO024903944,2-Jan-23,26,21866.18,21866.18
GAM00279,MAHAJANA OSUSALA,Negombo,Sumedha Nilanka,CSO007916902,23-Jan-23,5,9519,9519
GAM00279,MAHAJANA OSUSALA,Negombo,Sumedha Nilanka,CSO007916957,23-Jan-23,5,10184.6,699.6
GAM00279,MAHAJANA OSUSALA,Negombo,Sumedha Nilanka,CSO007916956,23-Jan-23,5,20807.6,20807.6
GAM00279,MAHAJANA OSUSALA,Negombo,Sithum Asela,CSO008019752,23-Jan-23,5,76086.6,76086.6
GAM00279,MAHAJANA OSUSALA,Negombo,Dinuka Mayantha,CSO024904084,23-Jan-23,5,13770,13770
GAM00279,MAHAJANA OSUSALA,Negombo,Sumedha Nilanka,CSO007917053,26-Jan-23,2,74740,74740
GAMP007364,Makers pharmacy,Negombo,Sumedha Nilanka,CSO007915910,9-Sep-22,141,636500,136704.48
GAMP007364,Makers pharmacy,Negombo,Sumedha Nilanka,CSO007916048,28-Sep-22,122,47565,248.4
GAMP007364,Makers pharmacy,Negombo,Sumedha Nilanka,CSO007916601,1-Dec-22,58,90855,90855
GAMP007364,Makers pharmacy,Negombo,Sumedha Nilanka,CSO007916600,1-Dec-22,58,256152,187434
GAMP007364,Makers pharmacy,Negombo,Sumedha Nilanka,CSO007916682,12-Dec-22,47,203692,203692
GAM00214,MALITHI PHARMACY,MINUWANGODA,Dinuka Mayantha,CSO024904038,12-Jan-23,16,5974,5974
GAM00214,MALITHI PHARMACY,MINUWANGODA,Dinuka Mayantha,CSO024904149,27-Jan-23,1,7145,7145
GAMP007448,Medi Maxx pharmacy,Negombo,Sithum Asela,CSO008019593,29-Dec-22,30,34821.8,34821.8
GAMP007448,Medi Maxx pharmacy,Negombo,Dinuka Mayantha,CSO024904065,14-Jan-23,14,11366.4,11366.4
GAMP007448,Medi Maxx pharmacy,Negombo,Sithum Asela,CSO008019739,14-Jan-23,14,23604.2,23604.2
GAMP007448,Medi Maxx pharmacy,Negombo,Sumedha Nilanka,CSO007916968,18-Jan-23,10,29182.1,28190.7
GAMP004879,Medicare Pharmacy,Kandana,Sithum Asela,CSO008018378,27-Aug-22,154,18410,15476.6
GAMP004879,Medicare Pharmacy,Kandana,Sumedha Nilanka,CSO007916997,23-Jan-23,5,1637.82,1637.82
GAMP004875,Mithsara pharmacy,Kandana,Dinuka Mayantha,CSO024904117,19-Jan-23,9,11458.9,10883.7
GAMP004875,Mithsara pharmacy,Kandana,Sumedha Nilanka,CSO007916996,20-Jan-23,8,4327.3,4327.3
GAM00258,MOON PHARMACY,Negombo,Sumedha Nilanka,CSO007916960,17-Jan-23,11,14948,1198.28
GAM00192,N S MEIDCAL,SEEDUWA,Sumedha Nilanka,CSO007916882,10-Jan-23,18,3759,3759
GAM00192,N S MEIDCAL,SEEDUWA,Dinuka Mayantha,CSO024904011,10-Jan-23,18,5576,5576
GAMP006057,n s pharmacy,MINUWANGODA,Sithum Asela,IN0053001532,16-Jan-23,12,9759.8,9759.8
GAM00223,NANDANA PHARMACY,MINUWANGODA,Sumedha Nilanka,CSO007916912,12-Jan-23,16,5451.3,5451.3
GAM00223,NANDANA PHARMACY,MINUWANGODA,Dinuka Mayantha,CSO024904058,26-Jan-23,2,32601.2,32601.2
GAM00223,NANDANA PHARMACY,MINUWANGODA,Sithum Asela,CSO008019745,26-Jan-23,2,46529,46529
GAM00223,NANDANA PHARMACY,MINUWANGODA,Sithum Asela,CSO008019743,26-Jan-23,2,16923,16923
GAM00223,NANDANA PHARMACY,MINUWANGODA,Sithum Asela,CSO008019893,26-Jan-23,2,8461.5,8461.5
GAM00223,NANDANA PHARMACY,MINUWANGODA,Sumedha Nilanka,CSO007917058,26-Jan-23,2,5451.3,5451.3
GAM00223,NANDANA PHARMACY,MINUWANGODA,Sumedha Nilanka,CSO007916932,26-Jan-23,2,27514.9,27514.9
GAMP004451,Nawa Lanka pharmacy,Negombo,Sumedha Nilanka,CSO007914666,1-Mar-22,333,35464.4,13284.4
GAMP004451,Nawa Lanka pharmacy,Negombo,Sumedha Nilanka,CSO007916162,20-Oct-22,100,58307.6,29.7
GAMP004451,Nawa Lanka pharmacy,Negombo,Sithum Asela,CSO008019572,28-Dec-22,31,46470,46470
GAMP004451,Nawa Lanka pharmacy,Negombo,Sumedha Nilanka,CSO007916790,28-Dec-22,31,32518.2,32518.2
GAMP004451,Nawa Lanka pharmacy,Negombo,Dinuka Mayantha,CSO024903971,4-Jan-23,24,43430.7,43430.7
GAMP004451,Nawa Lanka pharmacy,Negombo,Dinuka Mayantha,CSO024904178,25-Jan-23,3,1847.1,1847.1
GAMP004451,Nawa Lanka pharmacy,Negombo,Dinuka Mayantha,CSO024904059,25-Jan-23,3,72477.16,71239.88
GAMP004451,Nawa Lanka pharmacy,Negombo,Sumedha Nilanka,CSO007916933,25-Jan-23,3,174794.5,98025.5
GAMP004451,Nawa Lanka pharmacy,Negombo,Dinuka Mayantha,CSO024904215,27-Jan-23,1,5119.5,5119.5
GAM00171,NAWA OSUSALA,JA-ELA,Sumedha Nilanka,CSO007916639,8-Dec-22,51,3668.6,3668.6
GAM00171,NAWA OSUSALA,JA-ELA,Dinuka Mayantha,CSO024903967,5-Jan-23,23,11502.4,11502.4
GAM00171,NAWA OSUSALA,JA-ELA,Sumedha Nilanka,CSO007916865,9-Jan-23,19,13864.5,13864.5
GAM00171,NAWA OSUSALA,JA-ELA,Sumedha Nilanka,CSO007917026,25-Jan-23,3,4695.8,4695.8
GAM00171,NAWA OSUSALA,JA-ELA,Sithum Asela,CSO008019871,25-Jan-23,3,40500,35893.8
GAM00247,NAWA OSUSALA,DIVULAPITIYA,Sithum Asela,CSO008019890,26-Jan-23,2,3523.9,3523.9
GAM00171,NAWA OSUSALA,JA-ELA,Dinuka Mayantha,CSO024904188,27-Jan-23,1,15793.2,15793.2
GAM03240,Nawaloka Hospital,Negombo,Dinuka Mayantha,CSO024903738,9-Dec-22,50,18477,18477
GAM03240,Nawaloka Hospital,Negombo,Sithum Asela,CSO008019416,9-Dec-22,50,153591.2,153591.2
GAM03240,Nawaloka Hospital,Negombo,Sumedha Nilanka,CSO007916656,9-Dec-22,50,343496.8,343496.8
GAM03240,Nawaloka Hospital,Negombo,Dinuka Mayantha,CSO024903877,2-Jan-23,26,33453.6,33453.6
GAM03240,Nawaloka Hospital,Negombo,Sithum Asela,CSO008019564,2-Jan-23,26,152825.73,148624.43
GAM03240,Nawaloka Hospital,Negombo,Sumedha Nilanka,CSO007916770,2-Jan-23,26,151927.9,151927.9
GAM03240,Nawaloka Hospital,Negombo,Dinuka Mayantha,CSO024903988,16-Jan-23,12,110930.2,110930.2
GAM03240,Nawaloka Hospital,Negombo,Sithum Asela,CSO008019659,16-Jan-23,12,33435.9,33435.9
GAM03240,Nawaloka Hospital,Negombo,Sithum Asela,IN0053001533,16-Jan-23,12,377460,377460
GAM03240,Nawaloka Hospital,Negombo,Sumedha Nilanka,CSO007916951,16-Jan-23,12,79176,79176
GAM03240,Nawaloka Hospital,Negombo,Sumedha Nilanka,CSO007916928,16-Jan-23,12,13250,13250
GAM03240,Nawaloka Hospital,Negombo,Sumedha Nilanka,CSO007916858,16-Jan-23,12,333517,333517
GAM03240,Nawaloka Hospital,Negombo,Dinuka Mayantha,CSO024904091,17-Jan-23,11,30330,30330
GAM03240,Nawaloka Hospital,Negombo,Sumedha Nilanka,CSO007916967,17-Jan-23,11,196156.5,193910.3
GAM03240,Nawaloka Hospital,Negombo,Sithum Asela,CSO008019776,18-Jan-23,10,218421.4,218421.4
GAM03240,Nawaloka Hospital,Negombo,Sumedha Nilanka,CSO007916984,18-Jan-23,10,29906,29906
GAM00257,NEGOMBO FOOD  DRUGS,Negombo,Sumedha Nilanka,CSO007916978,18-Jan-23,10,5791,5791
GAM00257,NEGOMBO FOOD  DRUGS,Negombo,Sumedha Nilanka,CSO007916970,18-Jan-23,10,40248.2,40248.2
GAM00257,NEGOMBO FOOD  DRUGS,Negombo,Dinuka Mayantha,CSO024904097,18-Jan-23,10,24247.1,23234.3
GAM00262,NEW CENTRAL PHARMACY,Negombo,Sithum Asela,CSO008019276,25-Nov-22,64,78520,78520
GAM00262,NEW CENTRAL PHARMACY,Negombo,Sumedha Nilanka,CSO007916574,29-Nov-22,60,300000,300000
GAM00262,NEW CENTRAL PHARMACY,Negombo,Sumedha Nilanka,CSO007916629,6-Dec-22,53,5805,5805
GAM00262,NEW CENTRAL PHARMACY,Negombo,Sumedha Nilanka,CSO007916698,13-Dec-22,46,18857,18857
GAM00262,NEW CENTRAL PHARMACY,Negombo,Sithum Asela,CSO008019477,13-Dec-22,46,78520,78520
GAM00262,NEW CENTRAL PHARMACY,Negombo,Sithum Asela,CSO008019476,13-Dec-22,46,73959.2,73959.2
GAM00262,NEW CENTRAL PHARMACY,Negombo,Dinuka Mayantha,CSO024903777,13-Dec-22,46,42453.3,39992.5
GAM00262,NEW CENTRAL PHARMACY,Negombo,Dinuka Mayantha,CSO024903888,22-Dec-22,37,3846,3846
GAM00262,NEW CENTRAL PHARMACY,Negombo,Sithum Asela,CSO008019618,31-Dec-22,28,150196.8,150196.8
GAM00262,NEW CENTRAL PHARMACY,Negombo,Sithum Asela,CSO008019620,3-Jan-23,25,31615,31615
GAM00262,NEW CENTRAL PHARMACY,Negombo,Dinuka Mayantha,CSO024903993,9-Jan-23,19,36216,36216
GAM00262,NEW CENTRAL PHARMACY,Negombo,Dinuka Mayantha,CSO024904026,11-Jan-23,17,19026,19026
GAM00262,NEW CENTRAL PHARMACY,Negombo,Sithum Asela,CSO008019769,17-Jan-23,11,80136.7,76454.7
GAM00262,NEW CENTRAL PHARMACY,Negombo,Sumedha Nilanka,CSO007917037,24-Jan-23,4,20369.2,20369.2
GAM00225,NEW CHALANI PHARMACY,MINUWANGODA,Dinuka Mayantha,CSO024903004,12-Sep-22,138,37487,31721
GAM00225,NEW CHALANI PHARMACY,MINUWANGODA,Sithum Asela,CSO008018518,12-Sep-22,138,53437,53437
GAM00225,NEW CHALANI PHARMACY,MINUWANGODA,Sumedha Nilanka,CSO007915924,12-Sep-22,138,13195.5,13195.5
GAM00225,NEW CHALANI PHARMACY,MINUWANGODA,Dinuka Mayantha,CSO024903134,27-Sep-22,123,23174.5,23174.5
GAM00225,NEW CHALANI PHARMACY,MINUWANGODA,Sithum Asela,CSO008018661,27-Sep-22,123,42149.69,38695.69
GAM00225,NEW CHALANI PHARMACY,MINUWANGODA,Sumedha Nilanka,CSO007916030,27-Sep-22,123,47263.1,47263.1
GAM00225,NEW CHALANI PHARMACY,MINUWANGODA,Dinuka Mayantha,CSO024903259,13-Oct-22,107,9042.8,9042.8
GAM00225,NEW CHALANI PHARMACY,MINUWANGODA,Sithum Asela,CSO008018823,13-Oct-22,107,70463.2,67009.2
GAM00254,NEW CRYSTAL PHARMACY,Negombo,Sumedha Nilanka,CSO007916809,31-Dec-22,28,1512.84,1512.84
GAM00254,NEW CRYSTAL PHARMACY,Negombo,Sumedha Nilanka,CSO007916808,31-Dec-22,28,76156,76156
GAM00254,NEW CRYSTAL PHARMACY,Negombo,Dinuka Mayantha,CSO024903915,31-Dec-22,28,26778.5,26778.5
GAM00254,NEW CRYSTAL PHARMACY,Negombo,Dinuka Mayantha,CSO024903980,5-Jan-23,23,9572.5,9572.5
GAM00254,NEW CRYSTAL PHARMACY,Negombo,Dinuka Mayantha,CSO024903979,5-Jan-23,23,36216,36216
GAM00254,NEW CRYSTAL PHARMACY,Negombo,Sumedha Nilanka,CSO007916936,21-Jan-23,7,5266,5266
GAM00254,NEW CRYSTAL PHARMACY,Negombo,Sumedha Nilanka,CSO007917084,27-Jan-23,1,26535,26535
GAM00254,NEW CRYSTAL PHARMACY,Negombo,Dinuka Mayantha,CSO024904217,27-Jan-23,1,31080.4,31080.4
GAM00178,NEW EKALA PHARMACY,JA-ELA,Sithum Asela,CSO008019458,12-Dec-22,47,31031.9,31031.9
GAM00178,NEW EKALA PHARMACY,JA-ELA,Sumedha Nilanka,CSO007916763,2-Jan-23,26,2246.2,2246.2
GAM00178,NEW EKALA PHARMACY,JA-ELA,Sumedha Nilanka,CSO007916830,2-Jan-23,26,2363.4,2363.4
GAM00178,NEW EKALA PHARMACY,JA-ELA,Sithum Asela,CSO008019550,2-Jan-23,26,15353.9,15353.9
GAM00178,NEW EKALA PHARMACY,JA-ELA,Dinuka Mayantha,CSO024903865,2-Jan-23,26,21969.4,21969.4
GAM00178,NEW EKALA PHARMACY,JA-ELA,Sumedha Nilanka,CSO007916870,10-Jan-23,18,9311.1,9311.1
GAM00178,NEW EKALA PHARMACY,JA-ELA,Sithum Asela,CSO008019652,10-Jan-23,18,23744.75,23744.75
GAM00178,NEW EKALA PHARMACY,JA-ELA,Sithum Asela,CSO008019681,10-Jan-23,18,14960,14960
GAM00178,NEW EKALA PHARMACY,JA-ELA,Dinuka Mayantha,CSO024904000,10-Jan-23,18,14294.28,14294.28
GAM00178,NEW EKALA PHARMACY,JA-ELA,Sithum Asela,CSO008019835,21-Jan-23,7,4871.8,4871.8
GAM00178,NEW EKALA PHARMACY,JA-ELA,Dinuka Mayantha,CSO024904134,21-Jan-23,7,4713.6,4713.6
GAM03302,New Lanka Pharmacy,Negombo,Sithum Asela,CSO008018992,31-Oct-22,89,258411,5168.22
GAM03302,New Lanka Pharmacy,Negombo,Sithum Asela,CSO008019010,1-Nov-22,88,253603.6,253603.6
GAM03302,New Lanka Pharmacy,Negombo,Sumedha Nilanka,CSO007916505,21-Nov-22,68,77600,77600
GAM03302,New Lanka Pharmacy,Negombo,Sumedha Nilanka,CSO007916417,21-Nov-22,68,659800,65980
GAM03302,New Lanka Pharmacy,Negombo,Sumedha Nilanka,CSO007916567,28-Nov-22,61,633487,633487
GAM03302,New Lanka Pharmacy,Negombo,Sumedha Nilanka,CSO007916551,28-Nov-22,61,149530,149530
GAM03302,New Lanka Pharmacy,Negombo,Sithum Asela,CSO008019318,30-Nov-22,59,306750,306750
GAM03302,New Lanka Pharmacy,Negombo,Sithum Asela,CSO008019317,30-Nov-22,59,513501.4,513501.4
GAM03302,New Lanka Pharmacy,Negombo,Sithum Asela,CSO008019334,1-Dec-22,58,32957,32957
GAM03302,New Lanka Pharmacy,Negombo,Sumedha Nilanka,CSO007916668,10-Dec-22,49,600000,600000
GAM03246,New Pharmacy,Negombo,Sithum Asela,CSO008019581,28-Dec-22,31,10530,10530
GAM03246,New Pharmacy,Negombo,Sumedha Nilanka,CSO007916796,28-Dec-22,31,7903,7903
GAM03246,New Pharmacy,Negombo,Dinuka Mayantha,CSO024904119,20-Jan-23,8,1856.4,1856.4
GAM03246,New Pharmacy,Negombo,Sithum Asela,CSO008019824,20-Jan-23,8,6953.15,6953.15
GAM03246,New Pharmacy,Negombo,Sithum Asela,CSO008019881,26-Jan-23,2,6128,6128
GAM03246,New Pharmacy,Negombo,Dinuka Mayantha,CSO024904218,27-Jan-23,1,40560.2,40560.2
GAM00202,NEW ST. JOSHEP PHARMACY,SEEDUWA,Sumedha Nilanka,CSO007916749,20-Dec-22,39,29243.6,29243.6
GAM00202,NEW ST. JOSHEP PHARMACY,SEEDUWA,Sumedha Nilanka,CSO007916773,22-Dec-22,37,56677.7,56677.7
GAM00202,NEW ST. JOSHEP PHARMACY,SEEDUWA,Sumedha Nilanka,CSO007916767,22-Dec-22,37,111196,111196
GAM00202,NEW ST. JOSHEP PHARMACY,SEEDUWA,Dinuka Mayantha,CSO024903880,22-Dec-22,37,12905,12905
GAM00202,NEW ST. JOSHEP PHARMACY,SEEDUWA,Dinuka Mayantha,CSO024903939,2-Jan-23,26,47110,47110
GAM00202,NEW ST. JOSHEP PHARMACY,SEEDUWA,Sumedha Nilanka,CSO007917043,24-Jan-23,4,33039,33039
GAM00202,NEW ST. JOSHEP PHARMACY,SEEDUWA,Dinuka Mayantha,CSO024904173,24-Jan-23,4,33857.4,33857.4
GAMP008021,New Thudella Pharmacy,JA-ELA,Sumedha Nilanka,CSO007916691,13-Dec-22,46,3284.7,3284.7
GAMP008021,New Thudella Pharmacy,JA-ELA,Sithum Asela,CSO008019622,3-Jan-23,25,13336.8,13336.8
GAM03264,Niroga Pharmacy,Negombo,Dinuka Mayantha,CSO024904089,17-Jan-23,11,5765.8,5765.8
GAM03264,Niroga Pharmacy,Negombo,Sumedha Nilanka,CSO007916962,17-Jan-23,11,9495,9495
GAM03264,Niroga Pharmacy,Negombo,Sithum Asela,CSO008019825,20-Jan-23,8,18826,18826
GAM03264,Niroga Pharmacy,Negombo,Sithum Asela,CSO008019862,24-Jan-23,4,21928,21928
GAMP005365,Nithya pharmacy,MINUWANGODA,Dinuka Mayantha,CSO024904034,12-Jan-23,16,16728.6,13689.2
GAMP005365,Nithya pharmacy,MINUWANGODA,Sithum Asela,CSO008019716,12-Jan-23,16,55075.05,55075.05
GAMP005365,Nithya pharmacy,MINUWANGODA,Sumedha Nilanka,CSO007916909,12-Jan-23,16,2990.6,2990.6
GAMP005365,Nithya pharmacy,MINUWANGODA,Sumedha Nilanka,CSO007917062,26-Jan-23,2,2990.6,2990.6
GAMP005365,Nithya pharmacy,MINUWANGODA,Dinuka Mayantha,CSO024904194,26-Jan-23,2,747,747
GAM00179,NIVASI PHARMACY,JA-ELA,Sithum Asela,CSO008019842,23-Jan-23,5,12179.4,12179.4
GAMP005992,ONE PHARMACY,Negombo,Sithum Asela,CSO008019576,30-Dec-22,29,16923,16923
GAMP005992,ONE PHARMACY,Negombo,Dinuka Mayantha,CSO024904074,16-Jan-23,12,865,865
GAMP005992,ONE PHARMACY,Negombo,Dinuka Mayantha,CSO024904135,21-Jan-23,7,1189.7,1189.7
GAMP005992,ONE PHARMACY,Negombo,Sithum Asela,CSO008019905,27-Jan-23,1,5416,5416
GAM00203,ORIENT PHARMACY,SEEDUWA,Sithum Asela,CSO008019257,24-Nov-22,65,49060,49060
GAM00266,ORIENT PHARMACY,Negombo,Sithum Asela,CSO008019606,2-Jan-23,26,12811.23,12811.23
GAM00266,ORIENT PHARMACY,Negombo,Dinuka Mayantha,CSO024903918,2-Jan-23,26,11600.7,11600.7
GAM00266,ORIENT PHARMACY,Negombo,Dinuka Mayantha,CSO024903928,2-Jan-23,26,1730,1730
GAM00227,ORIENT PHARMACY,MINUWANGODA,Sumedha Nilanka,CSO007916899,11-Jan-23,17,16078.2,16078.2
GAM00266,ORIENT PHARMACY,Negombo,Sithum Asela,CSO008019773,17-Jan-23,11,22187.9,22187.9
GAM00237,OSADA PHARMACY,DIVULAPITIYA,Sithum Asela,CSO008008689,20-May-20,983,74583.6,49763.6
GAM00237,OSADA PHARMACY,DIVULAPITIYA,Sumedha Nilanka,CSO007908070,20-May-20,983,45691.9,45691.9
GAM00226,OSILKA PHARMACY,MINUWANGODA,Dinuka Mayantha,CSO024903734,22-Dec-22,37,1977.7,1977.7
GAM00226,OSILKA PHARMACY,MINUWANGODA,Sithum Asela,CSO008019410,22-Dec-22,37,7128.6,7128.6
GAM00226,OSILKA PHARMACY,MINUWANGODA,Dinuka Mayantha,CSO024904031,11-Jan-23,17,8070.1,8070.1
GAM00226,OSILKA PHARMACY,MINUWANGODA,Sithum Asela,CSO008019708,11-Jan-23,17,7017.9,7017.9
GAM00226,OSILKA PHARMACY,MINUWANGODA,Sumedha Nilanka,CSO007916905,11-Jan-23,17,3353.8,3353.8
GAMP008947,Osumna pharmacy,MINUWANGODA,Sithum Asela,CSO008019857,24-Jan-23,4,784.6,784.6
GAMP008947,Osumna pharmacy,MINUWANGODA,Sithum Asela,CSO008019883,26-Jan-23,2,14189.7,14189.7
GAMP008947,Osumna pharmacy,MINUWANGODA,Sumedha Nilanka,CSO007917060,26-Jan-23,2,633,633
GAMP008947,Osumna pharmacy,MINUWANGODA,Dinuka Mayantha,CSO024904192,26-Jan-23,2,805.2,805.2
GAM00200,PAMUNUGAMA OSUSALA,SEEDUWA,Dinuka Mayantha,CSO024900841,23-Dec-21,401,10353.5,10353.5
GAM00200,PAMUNUGAMA OSUSALA,SEEDUWA,Sithum Asela,CSO008019171,17-Nov-22,72,48960,48960
GAM00200,PAMUNUGAMA OSUSALA,SEEDUWA,Sithum Asela,CSO008019592,28-Dec-22,31,17256,17256
GAM00200,PAMUNUGAMA OSUSALA,SEEDUWA,Sithum Asela,CSO008019800,21-Jan-23,7,50079.6,41122.6
GAM00200,PAMUNUGAMA OSUSALA,SEEDUWA,Sithum Asela,CSO008019834,21-Jan-23,7,6430.8,6430.8
GAM00200,PAMUNUGAMA OSUSALA,SEEDUWA,Sumedha Nilanka,CSO007917054,25-Jan-23,3,16036.5,16036.5
GAM00200,PAMUNUGAMA OSUSALA,SEEDUWA,Dinuka Mayantha,CSO024904186,25-Jan-23,3,40519.7,40519.7
GAM00200,PAMUNUGAMA OSUSALA,SEEDUWA,Sithum Asela,CSO008019879,26-Jan-23,2,23226,23226
GAM00180,PAMUNUGAMA PHARMACY,JA-ELA,Dinuka Mayantha,CSO024902265,10-Jun-22,232,19592.4,19592.4
GAM00180,PAMUNUGAMA PHARMACY,JA-ELA,Sumedha Nilanka,CSO007916748,20-Dec-22,39,38072.8,38072.8
GAM00180,PAMUNUGAMA PHARMACY,JA-ELA,Dinuka Mayantha,CSO024903826,20-Dec-22,39,7315.4,7315.4
GAM00180,PAMUNUGAMA PHARMACY,JA-ELA,Sithum Asela,CSO008019533,21-Dec-22,38,57312.9,52131.9
GAM00180,PAMUNUGAMA PHARMACY,JA-ELA,Sithum Asela,CSO008019629,3-Jan-23,25,49775.9,49775.9
GAM00180,PAMUNUGAMA PHARMACY,JA-ELA,Sumedha Nilanka,CSO007916853,5-Jan-23,23,50929.1,50929.1
GAM00180,PAMUNUGAMA PHARMACY,JA-ELA,Dinuka Mayantha,CSO024903984,5-Jan-23,23,23248.9,23248.9
GAM00180,PAMUNUGAMA PHARMACY,JA-ELA,Sumedha Nilanka,CSO007916949,16-Jan-23,12,23491.6,23491.6
GAM00180,PAMUNUGAMA PHARMACY,JA-ELA,Sithum Asela,CSO008019805,19-Jan-23,9,59896.65,59896.65
GAM00180,PAMUNUGAMA PHARMACY,JA-ELA,Sumedha Nilanka,CSO007917015,23-Jan-23,5,50437.9,50437.9
GAM00180,PAMUNUGAMA PHARMACY,JA-ELA,Dinuka Mayantha,CSO024904139,23-Jan-23,5,18844.3,18844.3
GAM00228,PEOPLES PHARMACY,MINUWANGODA,Sithum Asela,CSO008018820,22-Oct-22,98,30980.9,900
GAM00197,PEOPLES PHARMACY,SEEDUWA,Sumedha Nilanka,CSO007916786,24-Dec-22,35,1402.5,1402.5
GAM00228,PEOPLES PHARMACY,MINUWANGODA,Dinuka Mayantha,CSO024903892,24-Dec-22,35,3569.1,3569.1
GAM00228,PEOPLES PHARMACY,MINUWANGODA,Sithum Asela,CSO008019567,24-Dec-22,35,11015,10075
GAM00228,PEOPLES PHARMACY,MINUWANGODA,Sumedha Nilanka,CSO007916783,24-Dec-22,35,23359.8,23359.8
GAM00228,PEOPLES PHARMACY,MINUWANGODA,Dinuka Mayantha,CSO024904029,11-Jan-23,17,5163.2,5163.2
GAM00228,PEOPLES PHARMACY,MINUWANGODA,Sithum Asela,CSO008019706,11-Jan-23,17,15546.7,15546.7
GAM00228,PEOPLES PHARMACY,MINUWANGODA,Sumedha Nilanka,CSO007916903,11-Jan-23,17,776,776
GAM00197,PEOPLES PHARMACY,SEEDUWA,Sithum Asela,CSO008019798,18-Jan-23,10,10522.05,10522.05
GAM00228,PEOPLES PHARMACY,MINUWANGODA,Dinuka Mayantha,CSO024904191,26-Jan-23,2,1529.1,1529.1
GAM00228,PEOPLES PHARMACY,MINUWANGODA,Sithum Asela,CSO008019760,26-Jan-23,2,16428.6,16428.6
GAM00228,PEOPLES PHARMACY,MINUWANGODA,Sithum Asela,CSO008019875,26-Jan-23,2,16547.75,16547.75
GAM00228,PEOPLES PHARMACY,MINUWANGODA,Sumedha Nilanka,CSO007917059,26-Jan-23,2,17078,17078
GAM00170,PJ ENTERPRISES,JA-ELA,Sumedha Nilanka,CSO007916359,24-Nov-22,65,87624,87624
GAM00170,PJ ENTERPRISES,JA-ELA,Sumedha Nilanka,CSO007916411,24-Nov-22,65,65385,65385
GAM00170,PJ ENTERPRISES,JA-ELA,Sithum Asela,CSO008019045,24-Nov-22,65,27435,27435
GAM00170,PJ ENTERPRISES,JA-ELA,Dinuka Mayantha,CSO024903707,8-Dec-22,51,182914,180305.6
GAM00170,PJ ENTERPRISES,JA-ELA,Sumedha Nilanka,CSO007916744,21-Dec-22,38,100074.4,96914.8
GAM00170,PJ ENTERPRISES,JA-ELA,Dinuka Mayantha,CSO024903859,21-Dec-22,38,62480,62480
GAM00170,PJ ENTERPRISES,JA-ELA,Dinuka Mayantha,CSO024903824,21-Dec-22,38,36508.5,36508.5
GAM00170,PJ ENTERPRISES,JA-ELA,Sithum Asela,CSO008019540,22-Dec-22,37,122700,122700
GAM00170,PJ ENTERPRISES,JA-ELA,Sithum Asela,CSO008019539,22-Dec-22,37,72457.2,63057.2
GAM00170,PJ ENTERPRISES,JA-ELA,Dinuka Mayantha,CSO024903909,28-Dec-22,31,8215.2,8215.2
GAM00170,PJ ENTERPRISES,JA-ELA,Sumedha Nilanka,CSO007916849,5-Jan-23,23,49960,49960
GAM00170,PJ ENTERPRISES,JA-ELA,Sumedha Nilanka,CSO007916848,5-Jan-23,23,175719,175719
GAM00170,PJ ENTERPRISES,JA-ELA,Sithum Asela,CSO008019649,5-Jan-23,23,62373,62373
GAM00170,PJ ENTERPRISES,JA-ELA,Sithum Asela,CSO008019648,5-Jan-23,23,184997.65,184997.65
GAM00170,PJ ENTERPRISES,JA-ELA,Sithum Asela,CSO008019647,5-Jan-23,23,156869.5,156869.5
GAM00170,PJ ENTERPRISES,JA-ELA,Dinuka Mayantha,CSO024903978,5-Jan-23,23,154773.4,154773.4
GAM00170,PJ ENTERPRISES,JA-ELA,Dinuka Mayantha,CSO024903977,5-Jan-23,23,36216,36216
GAM00170,PJ ENTERPRISES,JA-ELA,Sumedha Nilanka,CSO007916948,16-Jan-23,12,50923,50923
GAM00170,PJ ENTERPRISES,JA-ELA,Sithum Asela,CSO008019747,17-Jan-23,11,30640,30640
GAM00170,PJ ENTERPRISES,JA-ELA,Sithum Asela,CSO008019817,20-Jan-23,8,7436,7436
GAM00170,PJ ENTERPRISES,JA-ELA,Sithum Asela,CSO008019810,20-Jan-23,8,122650,122650
GAM00170,PJ ENTERPRISES,JA-ELA,Dinuka Mayantha,CSO024904121,20-Jan-23,8,23655,23655
GAM00170,PJ ENTERPRISES,JA-ELA,Sumedha Nilanka,CSO007917013,23-Jan-23,5,146742.4,144088.7
GAM00170,PJ ENTERPRISES,JA-ELA,Dinuka Mayantha,CSO024904136,23-Jan-23,5,57757.6,57757.6
GAMP008237,R.N.G pharmacy,Kandana,Sumedha Nilanka,CSO007916552,26-Nov-22,63,149530,149530
GAMP008237,R.N.G pharmacy,Kandana,Sumedha Nilanka,CSO007916555,28-Nov-22,61,60000,60000
GAMP008237,R.N.G pharmacy,Kandana,Sumedha Nilanka,CSO007916583,29-Nov-22,60,60000,60000
GAMP008237,R.N.G pharmacy,Kandana,Sithum Asela,CSO008019519,20-Dec-22,39,40017,40017
GAMP008237,R.N.G pharmacy,Kandana,Sithum Asela,CSO008019722,20-Jan-23,8,52599,52599
GAMP006426,Ragama Hospital,JA-ELA,Sithum Asela,CSO008018906,21-Oct-22,99,72992,72992
GAMP007758,Ragama pharmacy,SEEDUWA,Sithum Asela,CSO008019583,30-Dec-22,29,23026.6,23026.6
GAMP007758,Ragama pharmacy,SEEDUWA,Dinuka Mayantha,CSO024903938,30-Dec-22,29,4571.7,4571.7
GAMP007758,Ragama pharmacy,SEEDUWA,Dinuka Mayantha,CSO024903905,30-Dec-22,29,2025.6,2025.6
GAMP007758,Ragama pharmacy,SEEDUWA,Sithum Asela,CSO008019604,31-Dec-22,28,44655.6,44655.6
GAMP007758,Ragama pharmacy,SEEDUWA,Sithum Asela,CSO008019678,9-Jan-23,19,13690.5,13690.5
GAMP007758,Ragama pharmacy,SEEDUWA,Sumedha Nilanka,CSO007916884,11-Jan-23,17,3312,3312
GAMP007758,Ragama pharmacy,SEEDUWA,Sithum Asela,CSO008019801,20-Jan-23,8,4952.6,4952.6
GAMP007758,Ragama pharmacy,SEEDUWA,Sithum Asela,CSO008019814,20-Jan-23,8,21344.7,21344.7
GAMP007758,Ragama pharmacy,SEEDUWA,Dinuka Mayantha,CSO024904116,20-Jan-23,8,5494.2,5494.2
GAMP007758,Ragama pharmacy,SEEDUWA,Dinuka Mayantha,CSO024904107,20-Jan-23,8,11802,8919
GAMP007758,Ragama pharmacy,SEEDUWA,Sumedha Nilanka,CSO007917040,24-Jan-23,4,11087.1,11087.1
GAMP005250,Ravi Medical Center,KOCHCHIKADE,Sithum Asela,CSO008016781,28-Feb-22,334,66160,66160
GAM00236,RAZUL PHARMACY,DIVULAPITIYA,Dinuka Mayantha,CSO024903904,28-Dec-22,31,2961.6,2961.6
GAM00236,RAZUL PHARMACY,DIVULAPITIYA,Sithum Asela,CSO008019586,28-Dec-22,31,24499.7,24499.7
GAM00236,RAZUL PHARMACY,DIVULAPITIYA,Sumedha Nilanka,CSO007916798,28-Dec-22,31,2189.8,2189.8
GAM00236,RAZUL PHARMACY,DIVULAPITIYA,Dinuka Mayantha,CSO024903926,29-Dec-22,30,8650,8650
GAM00236,RAZUL PHARMACY,DIVULAPITIYA,Sithum Asela,CSO008019731,13-Jan-23,15,42187.1,42187.1
GAM00236,RAZUL PHARMACY,DIVULAPITIYA,Sumedha Nilanka,CSO007916926,13-Jan-23,15,13469.3,13469.3
GAM00253,RELIANCE PHARMACY,Negombo,Sumedha Nilanka,CSO007916387,17-Nov-22,72,16933.3,16933.3
GAM00253,RELIANCE PHARMACY,Negombo,Sumedha Nilanka,CSO007916812,2-Jan-23,26,25721.6,24074.6
GAM00253,RELIANCE PHARMACY,Negombo,Sithum Asela,CSO008019605,2-Jan-23,26,35546.2,35546.2
GAM00253,RELIANCE PHARMACY,Negombo,Dinuka Mayantha,CSO024903919,2-Jan-23,26,5351.1,5351.1
GAM00253,RELIANCE PHARMACY,Negombo,Dinuka Mayantha,CSO024903931,2-Jan-23,26,5190,5190
GAM00253,RELIANCE PHARMACY,Negombo,Sumedha Nilanka,CSO007916931,13-Jan-23,15,44033.2,35653.6
GAM00253,RELIANCE PHARMACY,Negombo,Dinuka Mayantha,CSO024904057,13-Jan-23,15,25867,25443.9
GAM00139,RILLAULLA PHARMACY,Kandana,Dinuka Mayantha,CSO024903383,25-Oct-22,95,9270,9270
GAM00139,RILLAULLA PHARMACY,Kandana,Dinuka Mayantha,CSO024903920,29-Dec-22,30,1222.2,1222.2
GAM00139,RILLAULLA PHARMACY,Kandana,Sithum Asela,CSO008019676,9-Jan-23,19,40405.1,40405.1
GAM00139,RILLAULLA PHARMACY,Kandana,Dinuka Mayantha,CSO024904110,20-Jan-23,8,28925.9,28925.9
GAM00139,RILLAULLA PHARMACY,Kandana,Sumedha Nilanka,CSO007916988,20-Jan-23,8,8395.8,8395.8
GAM00139,RILLAULLA PHARMACY,Kandana,Sithum Asela,CSO008019855,24-Jan-23,4,76677,76677
GAM00139,RILLAULLA PHARMACY,Kandana,Sumedha Nilanka,CSO007917038,24-Jan-23,4,4492.4,4492.4
GAM00256,ROBERT  MEDICALS,Negombo,Sumedha Nilanka,CSO007916958,17-Jan-23,11,17434.2,17434.2
GAM00256,ROBERT  MEDICALS,Negombo,Sithum Asela,CSO008019751,17-Jan-23,11,62923.4,62923.4
GAM00256,ROBERT  MEDICALS,Negombo,Sithum Asela,CSO008019765,17-Jan-23,11,3718,3718
GAM00256,ROBERT  MEDICALS,Negombo,Dinuka Mayantha,CSO024904081,17-Jan-23,11,5974,5974
GAMP005041,Rooth pharmacy,DIVULAPITIYA,Dinuka Mayantha,CSO024903927,2-Jan-23,26,4325,4325
GAMP005041,Rooth pharmacy,DIVULAPITIYA,Sumedha Nilanka,CSO007917075,26-Jan-23,2,14944.3,14944.3
GAMP005041,Rooth pharmacy,DIVULAPITIYA,Sithum Asela,CSO008019894,26-Jan-23,2,46787.25,46787.25
GAMP005041,Rooth pharmacy,DIVULAPITIYA,Dinuka Mayantha,CSO024904204,26-Jan-23,2,781.7,781.7
GAM00160,ROSHINI PHARMACY,JA-ELA,Dinuka Mayantha,CSO024903839,29-Dec-22,30,3092.3,3092.3
GAM00160,ROSHINI PHARMACY,JA-ELA,Sumedha Nilanka,CSO007916759,2-Jan-23,26,2194.8,2194.8
GAM00160,ROSHINI PHARMACY,JA-ELA,Sithum Asela,CSO008019555,2-Jan-23,26,10546.9,10546.9
GAM00160,ROSHINI PHARMACY,JA-ELA,Sithum Asela,CSO008019633,3-Jan-23,25,7394.8,7394.8
GAM00160,ROSHINI PHARMACY,JA-ELA,Sithum Asela,CSO008019749,17-Jan-23,11,3718,3718
GAM00160,ROSHINI PHARMACY,JA-ELA,Sithum Asela,CSO008019838,23-Jan-23,5,1532.7,1532.7
GAM00160,ROSHINI PHARMACY,JA-ELA,Dinuka Mayantha,CSO024904155,23-Jan-23,5,1732.5,1732.5
GAM00160,ROSHINI PHARMACY,JA-ELA,Dinuka Mayantha,CSO024904154,23-Jan-23,5,4083.6,3369.1
GAM00295,ROYAL PHARMACY LANKA,Negombo,Sithum Asela,IN0053001094,21-Dec-21,403,233923.8,17719
GAM00295,ROYAL PHARMACY LANKA,Negombo,Sumedha Nilanka,CSO007916219,20-Oct-22,100,329900,93805
GAM00295,ROYAL PHARMACY LANKA,Negombo,Sithum Asela,CSO008018877,20-Oct-22,100,61280,61280
GAM00295,ROYAL PHARMACY LANKA,Negombo,Sumedha Nilanka,CSO007916570,28-Nov-22,61,519805,519805
GAMP005278,Royal Pharmacy-Kandana,Kandana,Dinuka Mayantha,CSO024902489,19-Jul-22,193,9118.2,9118.2
GAMP005278,Royal Pharmacy-Kandana,Kandana,Dinuka Mayantha,CSO024904114,19-Jan-23,9,8774.2,8774.2
GAMP005278,Royal Pharmacy-Kandana,Kandana,Sumedha Nilanka,CSO007916994,20-Jan-23,8,29537.4,29537.4
GAMP005278,Royal Pharmacy-Kandana,Kandana,Sithum Asela,CSO008019852,24-Jan-23,4,59925,59925
GAM00268,S  G MEDICALS,Negombo,Sithum Asela,CSO008019682,11-Jan-23,17,31923.4,31923.4
GAM00268,S  G MEDICALS,Negombo,Sumedha Nilanka,CSO007916983,18-Jan-23,10,5803,5803
GAM00268,S  G MEDICALS,Negombo,Sithum Asela,CSO008019802,19-Jan-23,9,12403.4,12403.4
GAM00268,S  G MEDICALS,Negombo,Dinuka Mayantha,CSO024904106,19-Jan-23,9,3745.3,3745.3
GAM00296,S  S MEDICAL,Negombo,Sithum Asela,CSO008019017,1-Nov-22,88,61280,61280
GAM00296,S  S MEDICAL,Negombo,Sumedha Nilanka,CSO007916545,1-Dec-22,58,133065,133065
GAM00296,S  S MEDICAL,Negombo,Sithum Asela,CSO008019294,1-Dec-22,58,49060,49060
GAM00296,S  S MEDICAL,Negombo,Sithum Asela,CSO008019372,3-Dec-22,56,98120,98120
GAM00296,S  S MEDICAL,Negombo,Sumedha Nilanka,CSO007916619,8-Dec-22,51,242200,242200
GAM00296,S  S MEDICAL,Negombo,Sithum Asela,CSO008019467,12-Dec-22,47,43930,43930
GAM00296,S  S MEDICAL,Negombo,Sithum Asela,CSO008019466,12-Dec-22,47,43250,43250
GAM00221,SAHANA OSOSALA,MINUWANGODA,Dinuka Mayantha,CSO024903890,24-Dec-22,35,1153.8,1153.8
GAM00221,SAHANA OSOSALA,MINUWANGODA,Sithum Asela,CSO008019566,24-Dec-22,35,18210.8,18210.8
GAM00221,SAHANA OSOSALA,MINUWANGODA,Sumedha Nilanka,CSO007916782,24-Dec-22,35,9807.8,9807.8
GAM00221,SAHANA OSOSALA,MINUWANGODA,Dinuka Mayantha,CSO024904190,26-Jan-23,2,3448.8,3448.8
GAM00221,SAHANA OSOSALA,MINUWANGODA,Sithum Asela,CSO008019874,26-Jan-23,2,47344.9,47344.9
GAM00221,SAHANA OSOSALA,MINUWANGODA,Sumedha Nilanka,CSO007917057,26-Jan-23,2,12045.1,12045.1
GAMP007152,Sai psharmacy,KOCHCHIKADE,Sumedha Nilanka,CSO007916979,18-Jan-23,10,2347.9,2347.9
GAMP004874,Sasithma pharmacy,JA-ELA,Sithum Asela,CSO008019434,12-Dec-22,47,74376.4,57453.4
GAMP004874,Sasithma pharmacy,JA-ELA,Dinuka Mayantha,CSO024903873,30-Dec-22,29,26138.3,26138.3
GAMP004874,Sasithma pharmacy,JA-ELA,Sithum Asela,CSO008019558,30-Dec-22,29,15839.5,15839.5
GAMP004874,Sasithma pharmacy,JA-ELA,Sumedha Nilanka,CSO007916766,30-Dec-22,29,27921.2,23246.2
GAMP004874,Sasithma pharmacy,JA-ELA,Dinuka Mayantha,CSO024904131,24-Jan-23,4,35253.55,28253.55
GAMP004874,Sasithma pharmacy,JA-ELA,Sithum Asela,CSO008019832,24-Jan-23,4,33369.7,33369.7
GAMP004874,Sasithma pharmacy,JA-ELA,Sumedha Nilanka,CSO007917011,24-Jan-23,4,27412.5,27412.5
GAM00293,SEA STREET OSUSALA,Negombo,Dinuka Mayantha,CSO024904077,16-Jan-23,12,3881.68,2644.4
GAM00195,SEEDUWA MEDICAL,SEEDUWA,Dinuka Mayantha,CSO024903879,24-Dec-22,35,10166.56,10166.56
GAM00195,SEEDUWA MEDICAL,SEEDUWA,Sumedha Nilanka,CSO007916714,28-Dec-22,31,18210.8,18210.8
GAM00195,SEEDUWA MEDICAL,SEEDUWA,Sumedha Nilanka,CSO007916671,28-Dec-22,31,13173.6,13173.6
GAM00195,SEEDUWA MEDICAL,SEEDUWA,Dinuka Mayantha,CSO024903756,29-Dec-22,30,18782.6,18782.6
GAM00195,SEEDUWA MEDICAL,SEEDUWA,Dinuka Mayantha,CSO024903755,29-Dec-22,30,8514,5167.1
GAM00195,SEEDUWA MEDICAL,SEEDUWA,Dinuka Mayantha,CSO024903796,29-Dec-22,30,20179.8,18810.6
GAM00195,SEEDUWA MEDICAL,SEEDUWA,Sumedha Nilanka,CSO007916829,31-Dec-22,28,25730.8,25730.8
GAM00195,SEEDUWA MEDICAL,SEEDUWA,Dinuka Mayantha,CSO024903952,31-Dec-22,28,3912.6,3912.6
GAM00195,SEEDUWA MEDICAL,SEEDUWA,Sumedha Nilanka,CSO007916888,11-Jan-23,17,29487.3,29487.3
GAM00195,SEEDUWA MEDICAL,SEEDUWA,Sithum Asela,CSO008019694,11-Jan-23,17,59340.3,59340.3
GAM00195,SEEDUWA MEDICAL,SEEDUWA,Dinuka Mayantha,CSO024904017,11-Jan-23,17,31228.8,29859.6
GAM00195,SEEDUWA MEDICAL,SEEDUWA,Sithum Asela,CSO008019786,18-Jan-23,10,113801.3,91190
GAM00195,SEEDUWA MEDICAL,SEEDUWA,Sumedha Nilanka,CSO007917042,24-Jan-23,4,19856.5,19856.5
GAM00195,SEEDUWA MEDICAL,SEEDUWA,Dinuka Mayantha,CSO024904172,24-Jan-23,4,17064.4,17064.4
GAM00194,SEEDUWA OSUSALA,SEEDUWA,Sithum Asela,CSO008019303,29-Nov-22,60,32820.5,32820.5
GAM00140,SETHMA PHARMACY,Kandana,Sithum Asela,CSO008018166,1-Sep-22,149,154564,6564
GAM00140,SETHMA PHARMACY,Kandana,Dinuka Mayantha,CSO024903867,24-Dec-22,35,7692,7692
GAM00140,SETHMA PHARMACY,Kandana,Sithum Asela,CSO008019669,9-Jan-23,19,732286.5,640236.5
GAM00140,SETHMA PHARMACY,Kandana,Dinuka Mayantha,CSO024904009,10-Jan-23,18,36216,36216
GAM00140,SETHMA PHARMACY,Kandana,Dinuka Mayantha,CSO024904006,10-Jan-23,18,108227,108227
GAM00140,SETHMA PHARMACY,Kandana,Sumedha Nilanka,CSO007916880,11-Jan-23,17,48798.3,41216.3
GAM00154,SETHSIRI PHARMACY,Kandana,Dinuka Mayantha,CSO024903970,7-Jan-23,21,4156.4,4156.4
GAM00154,SETHSIRI PHARMACY,Kandana,Sithum Asela,CSO008019639,7-Jan-23,21,63082.4,63082.4
GAM00154,SETHSIRI PHARMACY,Kandana,Sumedha Nilanka,CSO007916845,7-Jan-23,21,2990.6,2990.6
GAM00154,SETHSIRI PHARMACY,Kandana,Dinuka Mayantha,CSO024904126,20-Jan-23,8,8751.9,8751.9
GAM00154,SETHSIRI PHARMACY,Kandana,Sithum Asela,CSO008019827,20-Jan-23,8,39522.9,39522.9
GAM00154,SETHSIRI PHARMACY,Kandana,Sumedha Nilanka,CSO007917007,20-Jan-23,8,1453.2,1453.2
GAM00285,SHANTHI PHARMACY,Negombo,Dinuka Mayantha,CSO024903801,15-Dec-22,44,36941.8,36941.8
GAM00285,SHANTHI PHARMACY,Negombo,Sithum Asela,CSO008019506,17-Dec-22,42,37824,36881.2
GAM00285,SHANTHI PHARMACY,Negombo,Sithum Asela,CSO008019505,17-Dec-22,42,78520,78520
GAM00285,SHANTHI PHARMACY,Negombo,Dinuka Mayantha,CSO024903855,21-Dec-22,38,16342,16342
GAM00285,SHANTHI PHARMACY,Negombo,Sithum Asela,CSO008019596,28-Dec-22,31,9611.14,9611.14
GAM00285,SHANTHI PHARMACY,Negombo,Dinuka Mayantha,CSO024903923,29-Dec-22,30,19076,19076
GAM00288,SHANTHI PHARMACY,Negombo,Dinuka Mayantha,CSO024903942,30-Dec-22,29,16281.9,16281.9
GAM00285,SHANTHI PHARMACY,Negombo,Dinuka Mayantha,CSO024903953,31-Dec-22,28,17979.3,17979.3
GAM00285,SHANTHI PHARMACY,Negombo,Sumedha Nilanka,CSO007916831,2-Jan-23,26,60246.3,60246.3
GAM00285,SHANTHI PHARMACY,Negombo,Sumedha Nilanka,CSO007916964,17-Jan-23,11,42999,42999
GAM00288,SHANTHI PHARMACY,Negombo,Sithum Asela,CSO008019756,17-Jan-23,11,126993.4,126993.4
GAM00285,SHANTHI PHARMACY,Negombo,Dinuka Mayantha,CSO024904092,17-Jan-23,11,15491,15491
GAM00285,SHANTHI PHARMACY,Negombo,Dinuka Mayantha,CSO024903992,18-Jan-23,10,72432,72432
GAMP005605,Shris Lanka pharmacy,SEEDUWA,Sumedha Nilanka,CSO007917049,25-Jan-23,3,6000,6000
GAMP005605,Shris Lanka pharmacy,SEEDUWA,Dinuka Mayantha,CSO024904182,27-Jan-23,1,5577.7,5577.7
GAM00289,SILVER RAY PHARMACY,Negombo,Sumedha Nilanka,CSO007916704,14-Dec-22,45,3538.4,3538.4
GAM00289,SILVER RAY PHARMACY,Negombo,Sumedha Nilanka,CSO007916821,2-Jan-23,26,2713.7,2713.7
GAM00289,SILVER RAY PHARMACY,Negombo,Sithum Asela,CSO008019612,2-Jan-23,26,28338.3,28338.3
GAM00289,SILVER RAY PHARMACY,Negombo,Dinuka Mayantha,CSO024903941,2-Jan-23,26,3918,3918
GAM00289,SILVER RAY PHARMACY,Negombo,Dinuka Mayantha,CSO024904076,16-Jan-23,12,9527.3,9527.3
GAM00289,SILVER RAY PHARMACY,Negombo,Sithum Asela,CSO008019759,17-Jan-23,11,10530,10530
GAM00289,SILVER RAY PHARMACY,Negombo,Sumedha Nilanka,CSO007916952,23-Jan-23,5,10553.9,10553.9
GAM00244,SITHMINA PHARMACY,DIVULAPITIYA,Dinuka Mayantha,CSO024903747,10-Dec-22,49,2241,2241
GAM00244,SITHMINA PHARMACY,DIVULAPITIYA,Sumedha Nilanka,CSO007916664,10-Dec-22,49,29970.2,29970.2
GAM03277,Soft Life Pharmacy,JA-ELA,Sithum Asela,CSO008019791,18-Jan-23,10,7852,7852
GAM00201,SRILAK PHARMACY,SEEDUWA,Sumedha Nilanka,CSO007916709,14-Dec-22,45,5266,5266
GAM00201,SRILAK PHARMACY,SEEDUWA,Sumedha Nilanka,CSO007916713,15-Dec-22,44,7012.5,7012.5
GAM00201,SRILAK PHARMACY,SEEDUWA,Sumedha Nilanka,CSO007916886,11-Jan-23,17,16823.7,16823.7
GAM00201,SRILAK PHARMACY,SEEDUWA,Sithum Asela,CSO008019693,11-Jan-23,17,5715.3,5715.3
GAM00201,SRILAK PHARMACY,SEEDUWA,Dinuka Mayantha,CSO024904015,11-Jan-23,17,6219.6,6219.6
GAM00201,SRILAK PHARMACY,SEEDUWA,Sithum Asela,CSO008019803,21-Jan-23,7,36786,36786
GAM00153,ST ANNES PHARMACY,Kandana,Dinuka Mayantha,CSO024903969,7-Jan-23,21,6389.7,6389.7
GAM00153,ST ANNES PHARMACY,Kandana,Sithum Asela,CSO008019638,7-Jan-23,21,32707.1,29011.1
GAM00153,ST ANNES PHARMACY,Kandana,Sumedha Nilanka,CSO007916844,7-Jan-23,21,3888.9,3888.9
GAM00153,ST ANNES PHARMACY,Kandana,Dinuka Mayantha,CSO024904125,20-Jan-23,8,7646.6,7646.6
GAM00153,ST ANNES PHARMACY,Kandana,Sithum Asela,CSO008019826,20-Jan-23,8,7238.7,7238.7
GAM00153,ST ANNES PHARMACY,Kandana,Sumedha Nilanka,CSO007916872,20-Jan-23,8,4666.68,4666.68
GAMP008682,St anthonys pharmacy,JA-ELA,Sumedha Nilanka,CSO007916860,5-Jan-23,23,7657.4,7657.4
GAMP008682,St anthonys pharmacy,JA-ELA,Dinuka Mayantha,CSO024903989,7-Jan-23,21,30733.3,30733.3
GAM00182,ST JOSHEPS PHARMACY,JA-ELA,Sithum Asela,CSO008019806,20-Jan-23,8,45064.9,45064.9
GAM00182,ST JOSHEPS PHARMACY,JA-ELA,Sumedha Nilanka,CSO007917016,23-Jan-23,5,37446,37446
GAM00182,ST JOSHEPS PHARMACY,JA-ELA,Dinuka Mayantha,CSO024904140,23-Jan-23,5,17846.9,15090.5
GAM00173,ST. JOSHEP PHARMACY,JA-ELA,Sithum Asela,CSO008019654,5-Jan-23,23,42465,42465
GAM00173,ST. JOSHEP PHARMACY,JA-ELA,Sumedha Nilanka,CSO007916868,9-Jan-23,19,22101.8,22101.8
GAM00173,ST. JOSHEP PHARMACY,JA-ELA,Dinuka Mayantha,CSO024903999,9-Jan-23,19,45443,44990
GAM00173,ST. JOSHEP PHARMACY,JA-ELA,Dinuka Mayantha,CSO024904161,23-Jan-23,5,12612.1,9522.4
GAM00173,ST. JOSHEP PHARMACY,JA-ELA,Sumedha Nilanka,CSO007917030,24-Jan-23,4,16198.9,8980.4
GAM00173,ST. JOSHEP PHARMACY,JA-ELA,Sithum Asela,CSO008019872,25-Jan-23,3,39637,39637
GAM00193,ST. JUDE PHARMACY,SEEDUWA,Sithum Asela,CSO008008016,25-Feb-20,1068,23960.7,23960.7
GAM00193,ST. JUDE PHARMACY,SEEDUWA,Sumedha Nilanka,CSO007907434,25-Feb-20,1068,19683.7,18923.7
GAM00193,ST. JUDE PHARMACY,SEEDUWA,Sithum Asela,CSO008008165,12-Mar-20,1052,5279.1,5279.1
GAM00193,ST. JUDE PHARMACY,SEEDUWA,Sumedha Nilanka,CSO007907582,12-Mar-20,1052,6925,6925
GAM00193,ST. JUDE PHARMACY,SEEDUWA,Sithum Asela,CSO008008306,26-Mar-20,1038,5868.8,5868.8
GAM00193,ST. JUDE PHARMACY,SEEDUWA,Sithum Asela,CSO008008314,27-Mar-20,1037,5900,5900
GAM00193,ST. JUDE PHARMACY,SEEDUWA,Sithum Asela,CSO008008318,1-Apr-20,1032,28996,28996
GAM00172,ST. JUDE PHARMACY,JA-ELA,Sumedha Nilanka,CSO007917028,23-Jan-23,5,15564.6,15564.6
GAM00172,ST. JUDE PHARMACY,JA-ELA,Sithum Asela,CSO008019844,23-Jan-23,5,36956.6,36956.6
GAM00172,ST. JUDE PHARMACY,JA-ELA,Dinuka Mayantha,CSO024904157,23-Jan-23,5,14129.5,12151.8
GAM00206,ST. MARYS PHARMACY,SEEDUWA,Sithum Asela,CSO008019720,12-Jan-23,16,12179.5,12179.5
GAM00206,ST. MARYS PHARMACY,SEEDUWA,Sumedha Nilanka,CSO007917047,24-Jan-23,4,1935,1935
GAM00206,ST. MARYS PHARMACY,SEEDUWA,Dinuka Mayantha,CSO024904179,24-Jan-23,4,16788.9,12994
GAM00206,ST. MARYS PHARMACY,SEEDUWA,Sithum Asela,CSO008019903,27-Jan-23,1,8091.4,8091.4
GAMP006598,St.marys pharmacy,Kandana,Dinuka Mayantha,CSO024904113,19-Jan-23,9,23940.6,23135.4
GAMP006598,St.marys pharmacy,Kandana,Sumedha Nilanka,CSO007916992,20-Jan-23,8,51114.5,51114.5
GAMP006598,St.marys pharmacy,Kandana,Sumedha Nilanka,CSO007916991,20-Jan-23,8,4695.8,4695.8
GAM00249,SUBHANI PHARMACY,DIVULAPITIYA,Sumedha Nilanka,CSO007914086,29-Dec-21,395,15776.8,10000
GAMP005724,Sun pharmacy,Kandana,Sithum Asela,CSO008019828,20-Jan-23,8,47707.6,47707.6
GAMP005724,Sun pharmacy,Kandana,Dinuka Mayantha,CSO024904127,20-Jan-23,8,13738.7,13738.7
GAMP005724,Sun pharmacy,Kandana,Sumedha Nilanka,CSO007917008,21-Jan-23,7,12287.9,12287.9
GAM00292,SUPER MEDICALS,Negombo,Sumedha Nilanka,CSO007916705,23-Dec-22,36,20824.1,20824.1
GAM00292,SUPER MEDICALS,Negombo,Sithum Asela,CSO008019482,23-Dec-22,36,98722.5,93541.5
GAM00292,SUPER MEDICALS,Negombo,Dinuka Mayantha,CSO024903786,23-Dec-22,36,35023.06,34035.86
GAM00292,SUPER MEDICALS,Negombo,Dinuka Mayantha,CSO024904129,20-Jan-23,8,5569.2,5569.2
GAM00283,SUPREME PHARMACY,Negombo,Sumedha Nilanka,CSO007916866,11-Jan-23,17,14948,9162.9
GAM00283,SUPREME PHARMACY,Negombo,Sumedha Nilanka,CSO007916861,11-Jan-23,17,16402.5,16402.5
GAM00283,SUPREME PHARMACY,Negombo,Dinuka Mayantha,CSO024903997,11-Jan-23,17,31330,31330
GAM00283,SUPREME PHARMACY,Negombo,Sumedha Nilanka,CSO007916966,17-Jan-23,11,15825,15825
GAM00283,SUPREME PHARMACY,Negombo,Sithum Asela,CSO008019736,17-Jan-23,11,73598.2,73598.2
GAM00283,SUPREME PHARMACY,Negombo,Dinuka Mayantha,CSO024904165,24-Jan-23,4,8364,8364
GAM00286,SURANGA PHARMACY,Negombo,Sithum Asela,CSO008019738,17-Jan-23,11,20613.3,20613.3
GAM00286,SURANGA PHARMACY,Negombo,Dinuka Mayantha,CSO024904090,17-Jan-23,11,6598.2,6598.2
GAM00286,SURANGA PHARMACY,Negombo,Sithum Asela,CSO008019863,24-Jan-23,4,37517.45,37517.45
GAM00215,SUWASALA PHARMACY,MINUWANGODA,Dinuka Mayantha,CSO024903835,21-Dec-22,38,26452.5,8957
GAM00215,SUWASALA PHARMACY,MINUWANGODA,Dinuka Mayantha,CSO024903875,22-Dec-22,37,4325,4325
GAM00215,SUWASALA PHARMACY,MINUWANGODA,Dinuka Mayantha,CSO024903895,24-Dec-22,35,14343.3,14343.3
GAM00215,SUWASALA PHARMACY,MINUWANGODA,Sumedha Nilanka,CSO007916788,24-Dec-22,35,1053.2,1053.2
GAM00215,SUWASALA PHARMACY,MINUWANGODA,Dinuka Mayantha,CSO024903946,30-Dec-22,29,8783,8783
GAM00215,SUWASALA PHARMACY,MINUWANGODA,Dinuka Mayantha,CSO024904148,23-Jan-23,5,25768,25768
GAM00269,SUWASARANA OSUSALA,Negombo,Sumedha Nilanka,CSO007916807,28-Dec-22,31,6742.7,6742.7
GAM00269,SUWASARANA OSUSALA,Negombo,Dinuka Mayantha,CSO024903914,28-Dec-22,31,769.2,769.2
GAM00269,SUWASARANA OSUSALA,Negombo,Sithum Asela,CSO008019609,31-Dec-22,28,9515.4,9515.4
GAM00269,SUWASARANA OSUSALA,Negombo,Sithum Asela,CSO008019774,17-Jan-23,11,9477,752.5
GAM00269,SUWASARANA OSUSALA,Negombo,Dinuka Mayantha,CSO024904063,17-Jan-23,11,4343.4,4343.4
GAM00269,SUWASARANA OSUSALA,Negombo,Sumedha Nilanka,CSO007917083,27-Jan-23,1,4668.3,4668.3
GAM00269,SUWASARANA OSUSALA,Negombo,Dinuka Mayantha,CSO024904216,27-Jan-23,1,819.2,819.2
GAM00243,SUWASETHA PHARMACY,DIVULAPITIYA,Dinuka Mayantha,CSO024903402,27-Oct-22,93,14652.8,8495.8
GAM00243,SUWASETHA PHARMACY,DIVULAPITIYA,Sithum Asela,CSO008018969,27-Oct-22,93,45704.6,33115
GAM00243,SUWASETHA PHARMACY,DIVULAPITIYA,Sumedha Nilanka,CSO007916303,27-Oct-22,93,6365,6365
GAM00243,SUWASETHA PHARMACY,DIVULAPITIYA,Dinuka Mayantha,CSO024903899,29-Dec-22,30,4565,4565
GAM00243,SUWASETHA PHARMACY,DIVULAPITIYA,Sithum Asela,CSO008019579,29-Dec-22,30,18133.7,18133.7
GAM00243,SUWASETHA PHARMACY,DIVULAPITIYA,Sumedha Nilanka,CSO007916794,29-Dec-22,30,8844.2,8844.2
GAMP007183,Suwega pharmacy,MINUWANGODA,Sithum Asela,IN0053001494,29-Nov-22,60,6923,2908.14
GAMP007183,Suwega pharmacy,MINUWANGODA,Sithum Asela,CSO008019518,20-Dec-22,39,10641,10641
GAMP007183,Suwega pharmacy,MINUWANGODA,Sithum Asela,CSO008019783,27-Jan-23,1,9012.6,9012.6
GAM00290,THALAHENA PHARMACY,Negombo,Sithum Asela,CSO008017700,1-Jun-22,241,115251,16258
GAM00290,THALAHENA PHARMACY,Negombo,Sumedha Nilanka,CSO007916950,16-Jan-23,12,3995.7,3995.7
GAM00290,THALAHENA PHARMACY,Negombo,Dinuka Mayantha,CSO024904075,16-Jan-23,12,20187.7,20187.7
GAM00290,THALAHENA PHARMACY,Negombo,Sithum Asela,CSO008019764,17-Jan-23,11,38891.8,38891.8
GAM00272,THE LANKA PHARMACY,Negombo,Sithum Asela,CSO008016049,21-Dec-21,403,2560,2560
GAM00272,THE LANKA PHARMACY,Negombo,Sumedha Nilanka,CSO007916593,30-Nov-22,59,170120,170120
GAM00272,THE LANKA PHARMACY,Negombo,Sithum Asela,CSO008019324,30-Nov-22,59,425652,425652
GAM00272,THE LANKA PHARMACY,Negombo,Sumedha Nilanka,CSO007916944,19-Jan-23,9,39620.2,39620.2
GAM00272,THE LANKA PHARMACY,Negombo,Sithum Asela,CSO008019763,19-Jan-23,9,44466,44466
GAM00272,THE LANKA PHARMACY,Negombo,Dinuka Mayantha,CSO024904010,19-Jan-23,9,37350,37350
GAM00272,THE LANKA PHARMACY,Negombo,Dinuka Mayantha,CSO024903998,19-Jan-23,9,20478,20478
GAM00272,THE LANKA PHARMACY,Negombo,Dinuka Mayantha,CSO024904039,19-Jan-23,9,11948,11948
GAM00272,THE LANKA PHARMACY,Negombo,Dinuka Mayantha,CSO024904072,19-Jan-23,9,4829,4829
GAM00272,THE LANKA PHARMACY,Negombo,Dinuka Mayantha,CSO024904120,20-Jan-23,8,13820,13820
GAM00272,THE LANKA PHARMACY,Negombo,Dinuka Mayantha,CSO024904163,24-Jan-23,4,37128,37128
GAM00272,THE LANKA PHARMACY,Negombo,Sithum Asela,CSO008019878,26-Jan-23,2,499736.6,499736.6
GAM00272,THE LANKA PHARMACY,Negombo,Dinuka Mayantha,CSO024904196,26-Jan-23,2,20384,20384
GAM00272,THE LANKA PHARMACY,Negombo,Sumedha Nilanka,CSO007917066,27-Jan-23,1,167911.2,167911.2
GAM00239,THE NEW PHARMACY,DIVULAPITIYA,Sithum Asela,CSO008019849,23-Jan-23,5,7852,7852
GAM00239,THE NEW PHARMACY,DIVULAPITIYA,Sumedha Nilanka,CSO007917027,24-Jan-23,4,15825,15825
GAM00239,THE NEW PHARMACY,DIVULAPITIYA,Dinuka Mayantha,CSO024904201,26-Jan-23,2,12479.7,12479.7
GAM00239,THE NEW PHARMACY,DIVULAPITIYA,Sithum Asela,CSO008019891,26-Jan-23,2,35501.7,35501.7
GAM00239,THE NEW PHARMACY,DIVULAPITIYA,Sumedha Nilanka,CSO007917073,26-Jan-23,2,12993.1,12993.1
GAM00270,THE PHARMACY,Negombo,Dinuka Mayantha,CSO024903469,10-Nov-22,79,16922.3,16922.3
GAM00270,THE PHARMACY,Negombo,Sumedha Nilanka,CSO007916688,17-Dec-22,42,29903.6,29903.6
GAM00270,THE PHARMACY,Negombo,Dinuka Mayantha,CSO024903769,17-Dec-22,42,26083.3,26083.3
GAM00270,THE PHARMACY,Negombo,Sumedha Nilanka,CSO007916935,19-Jan-23,9,48454.7,47539.7
GAM00270,THE PHARMACY,Negombo,Sithum Asela,CSO008019750,19-Jan-23,9,12256,12256
GAM00270,THE PHARMACY,Negombo,Sithum Asela,CSO008019767,19-Jan-23,9,63834.2,59519.8
GAM00270,THE PHARMACY,Negombo,Dinuka Mayantha,CSO024904062,19-Jan-23,9,35180.64,35180.64
GAM00163,THE PHARMACY A P Y,JA-ELA,Sumedha Nilanka,CSO007916750,20-Dec-22,39,8097,8097
GAM00163,THE PHARMACY A P Y,JA-ELA,Dinuka Mayantha,CSO024903829,20-Dec-22,39,10056.4,10056.4
GAM00163,THE PHARMACY A P Y,JA-ELA,Sithum Asela,CSO008019538,22-Dec-22,37,11465.8,11465.8
GAM00163,THE PHARMACY A P Y,JA-ELA,Sithum Asela,CSO008019632,3-Jan-23,25,44695.15,43357.85
GAM00163,THE PHARMACY A P Y,JA-ELA,Sumedha Nilanka,CSO007916856,5-Jan-23,23,2509.4,2509.4
GAM00163,THE PHARMACY A P Y,JA-ELA,Dinuka Mayantha,CSO024903986,5-Jan-23,23,7285.6,7285.6
GAM00163,THE PHARMACY A P Y,JA-ELA,Dinuka Mayantha,CSO024904041,12-Jan-23,16,3039,3039
GAM00163,THE PHARMACY A P Y,JA-ELA,Sumedha Nilanka,CSO007916981,18-Jan-23,10,6927.5,6927.5
GAM00163,THE PHARMACY A P Y,JA-ELA,Sithum Asela,CSO008019808,19-Jan-23,9,22562.2,22562.2
GAM00163,THE PHARMACY A P Y,JA-ELA,Sumedha Nilanka,CSO007917018,23-Jan-23,5,7123,7123
GAM00163,THE PHARMACY A P Y,JA-ELA,Dinuka Mayantha,CSO024904142,23-Jan-23,5,402.6,184.7
GAM00199,THE RADDOLUGAMA PHARMACY,SEEDUWA,Sithum Asela,CSO008019836,23-Jan-23,5,53847.43,53847.43
GAM00199,THE RADDOLUGAMA PHARMACY,SEEDUWA,Sithum Asela,CSO008019848,23-Jan-23,5,13690.5,13690.5
GAM00199,THE RADDOLUGAMA PHARMACY,SEEDUWA,Sumedha Nilanka,CSO007917051,25-Jan-23,3,21873.5,21873.5
GAM00199,THE RADDOLUGAMA PHARMACY,SEEDUWA,Dinuka Mayantha,CSO024904185,25-Jan-23,3,30783,30783
GAM00278,THENUKA PHARMACY,Negombo,Sithum Asela,CSO008019624,3-Jan-23,25,71182.65,71182.65
GAM00278,THENUKA PHARMACY,Negombo,Dinuka Mayantha,CSO024903974,5-Jan-23,23,5569.2,5569.2
GAM00278,THENUKA PHARMACY,Negombo,Dinuka Mayantha,CSO024904016,10-Jan-23,18,5794.8,5794.8
GAM00278,THENUKA PHARMACY,Negombo,Sumedha Nilanka,CSO007916897,11-Jan-23,17,15492.2,15492.2
GAM00278,THENUKA PHARMACY,Negombo,Sithum Asela,CSO008019703,11-Jan-23,17,62840.5,62840.5
GAM00278,THENUKA PHARMACY,Negombo,Dinuka Mayantha,CSO024904025,11-Jan-23,17,35344.6,35344.6
GAM00278,THENUKA PHARMACY,Negombo,Sithum Asela,CSO008019904,27-Jan-23,1,58015.95,58015.95
GAM00175,THILINA PHARMACY,JA-ELA,Dinuka Mayantha,CSO024902352,22-Jun-22,220,3487.1,3487.1
GAM00175,THILINA PHARMACY,JA-ELA,Sithum Asela,CSO008019653,5-Jan-23,23,9797.45,9797.45
GAM00175,THILINA PHARMACY,JA-ELA,Sithum Asela,CSO008019843,23-Jan-23,5,25023.2,25023.2
GAM00161,THRITHVA PHARMACY,JA-ELA,Sumedha Nilanka,CSO007916760,21-Dec-22,38,1307.7,1307.7
GAM00161,THRITHVA PHARMACY,JA-ELA,Sithum Asela,CSO008019553,22-Dec-22,37,38411,38411
GAM00161,THRITHVA PHARMACY,JA-ELA,Sithum Asela,CSO008019655,5-Jan-23,23,12256,12256
GAM00161,THRITHVA PHARMACY,JA-ELA,Dinuka Mayantha,CSO024904004,9-Jan-23,19,33054.78,33054.78
GAM00161,THRITHVA PHARMACY,JA-ELA,Sumedha Nilanka,CSO007916877,10-Jan-23,18,6764.6,6764.6
GAM00304,TRUST CHEMIST,KOCHCHIKADE,Dinuka Mayantha,CSO024903856,22-Dec-22,37,3846,3846
GAM00304,TRUST CHEMIST,KOCHCHIKADE,Sithum Asela,CSO008019603,30-Dec-22,29,63688.8,63688.8
GAM00304,TRUST CHEMIST,KOCHCHIKADE,Dinuka Mayantha,CSO024903948,30-Dec-22,29,13108,13108
GAM00304,TRUST CHEMIST,KOCHCHIKADE,Sumedha Nilanka,CSO007916879,11-Jan-23,17,11582,11582
GAM00304,TRUST CHEMIST,KOCHCHIKADE,Sumedha Nilanka,CSO007916971,19-Jan-23,9,22559,22559
GAM00304,TRUST CHEMIST,KOCHCHIKADE,Sithum Asela,CSO008019876,26-Jan-23,2,12256,12256
GAM00287,UNION PHARMACY,Negombo,Sithum Asela,CSO008019688,10-Jan-23,18,18410,18410
GAM00287,UNION PHARMACY,Negombo,Sumedha Nilanka,CSO007916941,16-Jan-23,12,16340.1,16340.1
GAM00287,UNION PHARMACY,Negombo,Dinuka Mayantha,CSO024904067,16-Jan-23,12,13548.7,13548.7
GAM00287,UNION PHARMACY,Negombo,Sithum Asela,CSO008019755,17-Jan-23,11,34350,34350
GAM00287,UNION PHARMACY,Negombo,Dinuka Mayantha,CSO024904208,27-Jan-23,1,3645,3645
GAM00259,UNIQUE PHARMACY,Negombo,Sumedha Nilanka,CSO007915141,19-May-22,254,10949,10949
GAM00259,UNIQUE PHARMACY,Negombo,Dinuka Mayantha,CSO024903509,21-Nov-22,68,30231,30231
GAM00259,UNIQUE PHARMACY,Negombo,Dinuka Mayantha,CSO024903549,21-Nov-22,68,95731.5,95731.5
GAM00259,UNIQUE PHARMACY,Negombo,Dinuka Mayantha,CSO024903767,12-Dec-22,47,41524.8,36139.8
GAM00259,UNIQUE PHARMACY,Negombo,Dinuka Mayantha,CSO024903754,12-Dec-22,47,3168.9,3168.9
GAM00259,UNIQUE PHARMACY,Negombo,Sithum Asela,CSO008019471,13-Dec-22,46,26884.8,26884.8
GAM00259,UNIQUE PHARMACY,Negombo,Dinuka Mayantha,CSO024903788,14-Dec-22,45,61738.6,61738.6
GAM00259,UNIQUE PHARMACY,Negombo,Sithum Asela,CSO008019709,11-Jan-23,17,30640,30640
GAM00259,UNIQUE PHARMACY,Negombo,Sumedha Nilanka,CSO007916938,16-Jan-23,12,85111.9,52611.8
GAM00259,UNIQUE PHARMACY,Negombo,Dinuka Mayantha,CSO024904064,16-Jan-23,12,34266.9,34266.9
GAM00259,UNIQUE PHARMACY,Negombo,Sumedha Nilanka,CSO007916907,18-Jan-23,10,5791,5791
GAM00259,UNIQUE PHARMACY,Negombo,Sithum Asela,CSO008019789,18-Jan-23,10,46452,46452
GAM00259,UNIQUE PHARMACY,Negombo,Sithum Asela,CSO008019847,23-Jan-23,5,43018,43018
GAM00259,UNIQUE PHARMACY,Negombo,Dinuka Mayantha,CSO024904152,23-Jan-23,5,6518,6518
GAM00259,UNIQUE PHARMACY,Negombo,Sithum Asela,CSO008019859,24-Jan-23,4,58021,58021
GAM00259,UNIQUE PHARMACY,Negombo,Dinuka Mayantha,CSO024904164,24-Jan-23,4,34594.8,34594.8
GAM00259,UNIQUE PHARMACY,Negombo,Dinuka Mayantha,CSO024904187,25-Jan-23,3,50107.5,50107.5
GAMP007291,Unix pharmacy,JA-ELA,Dinuka Mayantha,CSO024904158,23-Jan-23,5,4922.1,3493.1
GAMP007291,Unix pharmacy,JA-ELA,Sumedha Nilanka,CSO007917029,23-Jan-23,5,8348.7,8348.7
GAMP007291,Unix pharmacy,JA-ELA,Sithum Asela,CSO008019860,24-Jan-23,4,16443.8,16443.8
GAMP004444,V. M pharmacy,DIVULAPITIYA,Sumedha Nilanka,CSO007916852,5-Jan-23,23,6347.5,6347.5
GAMP004444,V. M pharmacy,DIVULAPITIYA,Sithum Asela,CSO008019646,5-Jan-23,23,15376.3,15376.3
GAMP004444,V. M pharmacy,DIVULAPITIYA,Sithum Asela,CSO008019853,24-Jan-23,4,15570.1,15570.1
GAMP004827,Vision pharmacy,Kandana,Sumedha Nilanka,CSO007916843,7-Jan-23,21,4844,4844
GAMP004827,Vision pharmacy,Kandana,Sithum Asela,CSO008019637,7-Jan-23,21,31340.6,31340.6
GAMP008835,Vison pharmacy ja-ela,JA-ELA,Sumedha Nilanka,CSO007916805,28-Dec-22,31,63300,63300
GAMP008835,Vison pharmacy ja-ela,JA-ELA,Dinuka Mayantha,CSO024904143,24-Jan-23,4,45116.4,45116.4
GAMP008835,Vison pharmacy ja-ela,JA-ELA,Sithum Asela,CSO008019811,24-Jan-23,4,54885.4,54885.4
GAMP008835,Vison pharmacy ja-ela,JA-ELA,Sumedha Nilanka,CSO007917019,24-Jan-23,4,36338.7,36338.7
GAMP005609,Wellcare pharmace,DIVULAPITIYA,Sithum Asela,CSO008019730,12-Jan-23,16,5517.9,5517.9
GAMP005609,Wellcare pharmace,DIVULAPITIYA,Sumedha Nilanka,CSO007916924,13-Jan-23,15,3165,3165
GAMP005609,Wellcare pharmace,DIVULAPITIYA,Dinuka Mayantha,CSO024904053,13-Jan-23,15,575.2,264.9
GAMP005609,Wellcare pharmace,DIVULAPITIYA,Sumedha Nilanka,CSO007917076,27-Jan-23,1,1800,1800
GAMP005609,Wellcare pharmace,DIVULAPITIYA,Sithum Asela,CSO008019895,27-Jan-23,1,5414.7,5414.7
GAMP005609,Wellcare pharmace,DIVULAPITIYA,Dinuka Mayantha,CSO024904205,27-Jan-23,1,553.7,553.7
GAM00240,WIJAYAMINI PHARMACY,DIVULAPITIYA,Dinuka Mayantha,CSO024902190,31-May-22,242,2372.6,2372.6
GAM00240,WIJAYAMINI PHARMACY,DIVULAPITIYA,Sithum Asela,CSO008019183,24-Nov-22,65,63879.7,7852
GAM00240,WIJAYAMINI PHARMACY,DIVULAPITIYA,Dinuka Mayantha,CSO024903744,10-Dec-22,49,7871.3,7871.3
GAM00240,WIJAYAMINI PHARMACY,DIVULAPITIYA,Dinuka Mayantha,CSO024904048,13-Jan-23,15,652.1,652.1
GAM00240,WIJAYAMINI PHARMACY,DIVULAPITIYA,Dinuka Mayantha,CSO024904046,13-Jan-23,15,11261.1,11261.1
GAM00240,WIJAYAMINI PHARMACY,DIVULAPITIYA,Sithum Asela,CSO008019726,13-Jan-23,15,75187,75187
GAM00240,WIJAYAMINI PHARMACY,DIVULAPITIYA,Sumedha Nilanka,CSO007916920,13-Jan-23,15,7043.7,7043.7
GAM00240,WIJAYAMINI PHARMACY,DIVULAPITIYA,Sithum Asela,CSO008019888,27-Jan-23,1,32175,32175
GAM00240,WIJAYAMINI PHARMACY,DIVULAPITIYA,Sumedha Nilanka,CSO007917072,27-Jan-23,1,9171.7,9171.7
GAM00261,X LAB PHARMACY,Negombo,Sumedha Nilanka,CSO007916806,28-Dec-22,31,21930,21930
GAM00261,X LAB PHARMACY,Negombo,Dinuka Mayantha,CSO024903913,28-Dec-22,31,12292,12292
GAM00261,X LAB PHARMACY,Negombo,Sithum Asela,CSO008019610,30-Dec-22,29,13919.5,13919.5
GAM00261,X LAB PHARMACY,Negombo,Sumedha Nilanka,CSO007916934,13-Jan-23,15,22875.2,22875.2
GAM00261,X LAB PHARMACY,Negombo,Dinuka Mayantha,CSO024904061,13-Jan-23,15,1725.6,1725.6
GAM00261,X LAB PHARMACY,Negombo,Sithum Asela,CSO008019746,14-Jan-23,14,20877.4,20877.4
,,,,,,,,"35,075,795.13"
