Outlet ID,Outlet,Town,LinkTxnID,Sales Model,Date,Age,Original Amount,Balance Amount
2005082H,AROWIN PHARMACY,RAGAMA,CSODSR162305242,Pre,11/15/2021,439,12745.00,12745.00
2005082H,AROWIN PHARMACY,RAGAMA,CSODSR162305273,Pre,11/17/2021,437,12745.00,12745.00
2005082H,AROWIN PHARMACY,RAGAMA,CSODSR162305390,Pre,11/30/2021,424,5660.00,4528.00
0004022H,NAWA OSUSALA,Divlapitiya,CSODSR164304682,Pre,1/21/2022,372,3666.66,3173.86
0004786H,MAHAJANA PHARMACY,PALLEWELA,CSODSR164304919,Pre,2/12/2022,350,46300.81,24300.81
2005985H,Dr. M.A.K. GAYANJITH,Negambo,CSODSR164305011,Pre,2/19/2022,343,97499.12,88107.72
0004211H,UNION PHARMACY,Chilaw,CSODSR164305409,Pre,3/28/2022,306,4513.90,2338.90
0000053H,BANDULA PHARMACY,Minuwangoda,CSODSR162307323,Pre,4/22/2022,281,26636.58,26636.58
0004786H,MAHAJANA PHARMACY,PALLEWELA,CSODSR164305658,Pre,4/27/2022,276,22774.31,22774.31
2002646H,DR. ISURU WEJERATHNE,Divlapitiya,CSODSR164305652,Pre,4/27/2022,276,54549.40,54549.40
0014884H,SUWASETA PHARMACY,Negambo,CSODSR164305716,Pre,4/30/2022,273,5124.12,5124.12
2005082H,AROWIN PHARMACY,RAGAMA,CSODSR162307705,Pre,5/27/2022,246,3594.12,3594.12
0000964H,PRASANNA PHARMACY,JA-ELA,CSODSR162307788,Pre,6/3/2022,239,27168.07,0.01
0004786H,MAHAJANA PHARMACY,PALLEWELA,CSODSR164305973,Pre,6/9/2022,233,84766.70,84766.70
0006802H,FAMILY PHARMACY,UDUGAMPOLA,CSODSR162307941,Pre,6/20/2022,222,21606.08,2704.08
0004786H,MAHAJANA PHARMACY,PALLEWELA,CSODSR164306063,Pre,6/24/2022,218,29409.49,29409.49
2005641H,GROWTHEX PHARMACY,Divlapitiya,CSODSR164306076,Pre,6/29/2022,213,8758.64,4009.64
2003376H,SUJAYA PHARMACY,MIRIGAMA,CSODSR164306068,Pre,6/29/2022,213,4924.04,4924.04
0007671H,HEALTH & GLOW PHARMACY,WATTALA,CSODSR162308030,Pre,6/29/2022,213,81420.91,0.00
0005612H,PEOPLES PHARMACY,WATTALA,CSODSR162308022,Pre,6/29/2022,213,92294.63,0.00
2001051H,"NEW ST,JOSEPH PHARMACY",Seeduwa,CSODSR162307975,Pre,7/14/2022,198,30837.22,30837.22
2003425H,MITHSARA PHARMACY,KANDANA,CSODSR162308555,Pre,8/27/2022,154,3780.20,3780.20
0003217H,AROGYA HOSPITAL,GAMPAHA,CSODSR162308741,Pre,9/13/2022,137,2374.59,2374.59
2000155H,NEW CHALANI PHARMACY,Minuwangoda,CSODSR162308833,Pre,9/23/2022,127,48175.15,48175.15
2006018H,RANSANU PHRAMACY,GAMPAHA,CSODSR162308878,Pre,9/28/2022,122,3646.08,3646.08
2000155H,NEW CHALANI PHARMACY,Minuwangoda,CSODSR162308997,Pre,10/7/2022,113,21393.91,21393.91
2001104H,DR. THILAK N SILVA,Seeduwa,CSODSR162309080,Pre,10/13/2022,107,37802.00,37802.00
2003599H,DR. DEEPAL FONSEKA,JA-ELA,CSODSR162309063,Pre,10/13/2022,107,4447.68,4447.68
2003599H,DR. DEEPAL FONSEKA,JA-ELA,CSODSR162309062,Pre,10/13/2022,107,119330.20,119330.20
2003599H,DR. DEEPAL FONSEKA,JA-ELA,CSODSR162309061,Pre,10/13/2022,107,119330.20,119330.20
2005485H,DR. N. S. M. MENDIS,RAGAMA,CSODSR162309126,Pre,10/19/2022,101,14247.00,14247.00
2000155H,NEW CHALANI PHARMACY,Minuwangoda,CSODSR162309157,Pre,10/21/2022,99,30207.60,30207.60
2000729H,DR. SALIYA BOMBUWALA,Minuwangoda,CSODSR162309173,Pre,10/27/2022,93,14247.00,14247.00
2002966H,DR. MANIK DE MEL,RAGAMA,CSODSR162309228,Pre,10/28/2022,92,14247.00,14247.00
2002541H,DR. WASANTHA DISSANAYAKA,Minuwangada,CSODSR162309266,Pre,10/31/2022,89,98020.00,98020.00
0000708H,SEEDUWA MEDICULS,Seeduwa,CSODSR162309255,Pre,10/31/2022,89,17488.19,17488.19
0008876H,DR. LAKSRI LOKULIYANA,JA-ELA,CSODSR162309242,Pre,10/31/2022,89,11340.60,11340.60
2001206H,ALLIANCE PHARMACY,MAHABAGE,CSODSR162309389,Pre,11/12/2022,77,4410.08,4410.08
0014540H,EMPIRE MEDICAL STORES,GAMPAHA,CSODSR162309415,Pre,11/16/2022,73,14310.40,14310.40
0000964H,PRASANNA PHARMACY,JA-ELA,CSODSR162309453,Pre,11/18/2022,71,16351.36,16351.36
0000964H,PRASANNA PHARMACY,JA-ELA,CSODSR162309467,Pre,11/19/2022,70,81857.81,81857.81
2002252H,NAWALOKA MEDICARE (PVT) LTD,GAMPAHA,CSODSR162309518,Pre,11/24/2022,65,15400.00,15400.00
2002252H,NAWALOKA MEDICARE (PVT) LTD,GAMPAHA,CSODSR162309517,Pre,11/24/2022,65,116654.30,113868.16
0014540H,EMPIRE MEDICAL STORES,GAMPAHA,CSODSR162309536,Pre,11/25/2022,64,76508.89,72025.52
2001206H,ALLIANCE PHARMACY,MAHABAGE,CSODSR162309581,Pre,11/28/2022,61,13784.95,13784.95
0014547H,THRITHVA PHARMACY,JA-ELA,CSODSR162309564,Pre,11/28/2022,61,29563.48,29563.48
0000294H,ST. JUDE PHARMACY,JA-ELA,CSODSR162309563,Pre,11/29/2022,60,3333.16,3333.16
2001427H,DR.NEVIL GUNARATHNA,JA-ELA,CSODSR162309632,Pre,11/30/2022,59,28494.00,28494.00
2005925H,THUDALLA PH 2,JA-ELA,CSODSR162309629,Pre,11/30/2022,59,14368.18,5223.26
0000094H,CENTRAL PHARMACY,Negambo,CSODSR162309623,Pre,11/30/2022,59,102148.72,102148.72
0014545H,ST. JOSEPH'S PHARMACY,PAMUNUGAMA,CSODSR162309607,Pre,11/30/2022,59,11266.56,9386.80
0010596H,SEEDUWA OSUSALA,Seeduwa,CSODSR162309633,Pre,12/1/2022,58,69833.97,69833.97
0002229H,CO - OPERATIVE PHARMACY,GAMPAHA,CSODSR162309657,Pre,12/5/2022,54,43062.09,43062.09
2002252H,NAWALOKA MEDICARE (PVT) LTD,GAMPAHA,CSODSR162309652,Pre,12/5/2022,54,21747.26,21747.26
0007201H,SUWENI PHARMACY,UDUGAMPOLA,CSODSR162309651,Pre,12/5/2022,54,29613.38,29613.38
2001306H,ISURU PHARMACY,GAMPAHA,CSODSR162309650,Pre,12/5/2022,54,2704.28,2704.28
0010001H,ISURA PHARMACY,RAGAMA,CSODSR162309680,Pre,12/6/2022,53,8393.29,8393.29
0000628H,RAGAMA PHARMACY ,RAGAMA,CSODSR162309678,Pre,12/6/2022,53,8350.55,8350.55
2000027H,CO - OPERATIVE HOSPITAL,GAMPAHA,CSODSR162309720,Pre,12/8/2022,51,27874.32,27874.32
2001792H,KALASI OSUSALA,Minuwangoda,CSODSR162309665,Pre,12/8/2022,51,23278.18,23278.18
0014877H,HELTH CEAR PARMACY,Negambo,CSODSR162309721,Pre,12/9/2022,50,5408.10,2558.70
2002550H,Royal Pharmacy,KANDANA,CSODSR162309724,Pre,12/10/2022,49,5111.62,5111.62
0003217H,AROGYA HOSPITAL,GAMPAHA,CSODSR162309775,Pre,12/13/2022,46,16250.30,16250.30
2001306H,ISURU PHARMACY,GAMPAHA,CSODSR162309766,Pre,12/13/2022,46,20490.44,20490.44
2000027H,CO - OPERATIVE HOSPITAL,GAMPAHA,CSODSR162309759,Pre,12/13/2022,46,36687.60,36687.60
2006000H,DASATHA PHARMACY,GAMPAHA,CSODSR162309756,Pre,12/13/2022,46,74733.46,74733.46
0020009H,SETHMA HOSPITAL,GAMPAHA,CSODSR162309754,Pre,12/13/2022,46,37825.98,32650.45
0000632H,RELIABLE PHARMACY,MAHABAGE,CSODSR162309787,Pre,12/14/2022,45,49802.27,49802.27
0002229H,CO - OPERATIVE PHARMACY,GAMPAHA,CSODSR162309782,Pre,12/14/2022,45,56258.57,56258.57
2003003H,DHARANI PHARMACY,GAMPAHA,CSODSR162309770,Pre,12/14/2022,45,50840.44,50840.44
0000964H,PRASANNA PHARMACY,JA-ELA,CSODSR162309807,Pre,12/15/2022,44,94545.66,35917.16
0010119H,THE PHARMACY,JA-ELA,CSODSR162309802,Pre,12/15/2022,44,15963.35,15963.35
2003586H,DR. M. PERERA,WATTALA,CSODSR162309621,Pre,12/15/2022,44,86812.00,86812.00
2000239H,ST. JOSHEP PHARMACY,JA-ELA,CSODSR162309799,Pre,12/16/2022,43,85807.49,85807.49
0004016H,SETHMA PHARMACY,KANDANA,CSODSR162309733,Pre,12/19/2022,40,8529.00,8529.00
0000295H,JAYANTI PHARMACY,KATUNAYAKE,CSODSR162309631,Pre,12/19/2022,40,22364.30,22364.30
0004016H,SETHMA PHARMACY,KANDANA,CSODSR162309614,Pre,12/19/2022,40,154646.84,54646.84
0004016H,SETHMA PHARMACY,KANDANA,CSODSR162309847,Pre,12/20/2022,39,101696.77,95316.51
0002892H,HEALTHLINE PHARMACY,KANDANA,CSODSR162309841,Pre,12/20/2022,39,43333.56,43333.56
0007461H,C & D PHARMACY,KANDANA,CSODSR162309835,Pre,12/20/2022,39,18619.02,18619.02
2004152H,JAYAMAHA SUPER,WATTALA,CSODSR162309817,Pre,12/20/2022,39,11266.56,11266.56
2001306H,ISURU PHARMACY,GAMPAHA,CSODSR162309871,Pre,12/21/2022,38,2614.58,2614.58
2000027H,CO - OPERATIVE HOSPITAL,GAMPAHA,CSODSR162309823,Pre,12/21/2022,38,31023.25,26758.75
0006482H,OSADHI PHARMACY,GAMPAHA,CSODSR162309898,Pre,12/22/2022,37,30322.36,30322.36
0004045H,SILWAREY PHARMACY,Negambo,CSODSR162309895,Pre,12/22/2022,37,6968.58,6968.58
0007145H,CENTRAL PHARMACY,GAMPAHA,CSODSR162309893,Pre,12/22/2022,37,12162.32,12162.32
0009764H,C.N.S PHARMACY,GAMPAHA,CSODSR162309892,Pre,12/22/2022,37,3484.29,3484.29
0014540H,EMPIRE MEDICAL STORES,GAMPAHA,CSODSR162309891,Pre,12/22/2022,37,18762.80,18762.80
0009764H,C.N.S PHARMACY,GAMPAHA,CSODSR162309890,Pre,12/22/2022,37,54490.04,54490.04
0007952H,MEDRI PHARMACY,GAMPAHA,CSODSR162309889,Pre,12/22/2022,37,15033.87,15033.87
0004356H,THILINA PHARMACY,UDUGAMPOLA,CSODSR162309888,Pre,12/22/2022,37,30333.92,27000.76
0008915H,SYNERGY MEDICAL,GAMPAHA,CSODSR162309887,Pre,12/22/2022,37,21326.67,21326.67
0014547H,THRITHVA PHARMACY,JA-ELA,CSODSR162309886,Pre,12/22/2022,37,37853.70,37853.70
0020009H,SETHMA HOSPITAL,GAMPAHA,CSODSR162309884,Pre,12/22/2022,37,20063.85,20063.85
2004239H,THE MEDIC PHARMACY,MINIWANGODA,CSODSR162309882,Pre,12/22/2022,37,5687.00,5687.00
0004021H,SAHANA OSUSALA,Minuwangoda,CSODSR162309881,Pre,12/22/2022,37,25524.34,25524.34
2004239H,THE MEDIC PHARMACY,MINIWANGODA,CSODSR162309872,Pre,12/22/2022,37,30139.35,25846.43
0007145H,CENTRAL PHARMACY,GAMPAHA,CSODSR162309849,Pre,12/22/2022,37,17588.55,17588.55
2001425H,DR.W.A.M WELIKALA,Seeduwa,CSODSR162309902,Pre,12/23/2022,36,173624.00,173624.00
2003714H,SASITHMA PHARMACY,JA-ELA,CSODSR162309837,Pre,12/23/2022,36,49643.88,49643.88
0002229H,CO - OPERATIVE PHARMACY,GAMPAHA,CSODSR162309906,Pre,12/24/2022,35,24058.05,24058.05
0002229H,CO - OPERATIVE PHARMACY,GAMPAHA,CSODSR162309905,Pre,12/24/2022,35,95500.70,93503.10
0000964H,PRASANNA PHARMACY,JA-ELA,CSODSR162309932,Pre,12/28/2022,31,53517.50,53517.50
0020048H,LANKA PHARMACY,Negambo,CSODSR162309931,Pre,12/28/2022,31,8529.00,8529.00
0000094H,CENTRAL PHARMACY,Negambo,CSODSR162309930,Pre,12/28/2022,31,64925.65,64925.65
2004127H,NIRODHYA PHARMACY AND GROCERY,RAGAMA,CSODSR162309928,Pre,12/28/2022,31,13418.94,13418.94
0000632H,RELIABLE PHARMACY,MAHABAGE,CSODSR162309926,Pre,12/28/2022,31,39608.18,37610.58
2002097H,I I H S PHARMACY,MAHABAGE,CSODSR162309923,Pre,12/28/2022,31,21638.75,21638.75
0005404H,PAMUNUGAMA PHARMACY,PAMUNUGAMA,CSODSR162309922,Pre,12/28/2022,31,29060.18,29060.18
2000010H,LEESONS PHARMACY,RAGAMA,CSODSR162309918,Pre,12/28/2022,31,2704.28,2704.28
0009720H,PAMUNUGAMA OSU SALA,Seeduwa,CSODSR162309916,Pre,12/28/2022,31,7009.76,7009.76
0020009H,SETHMA HOSPITAL,GAMPAHA,CSODSR162309913,Pre,12/28/2022,31,58522.96,58522.96
0014877H,HELTH CEAR PARMACY,Negambo,CSODSR162309912,Pre,12/28/2022,31,4410.08,4410.08
0009492H,HANSI PHARMACY,JA-ELA,CSODSR162309959,Pre,12/29/2022,30,8585.84,8585.84
0000964H,PRASANNA PHARMACY,JA-ELA,CSODSR162309947,Pre,12/29/2022,30,183466.12,183466.12
0000964H,PRASANNA PHARMACY,JA-ELA,CSODSR162309946,Pre,12/29/2022,30,66860.00,66860.00
0000964H,PRASANNA PHARMACY,JA-ELA,CSODSR162309945,Pre,12/29/2022,30,126837.95,126837.95
0005404H,PAMUNUGAMA PHARMACY,PAMUNUGAMA,CSODSR162309944,Pre,12/29/2022,30,20768.70,16089.40
0010119H,THE PHARMACY,JA-ELA,CSODSR162309942,Pre,12/29/2022,30,4410.08,4410.08
0010218H,DHARSHANA PHARMACY,JA-ELA,CSODSR162309940,Pre,12/29/2022,30,22263.38,22263.38
2000239H,ST. JOSHEP PHARMACY,JA-ELA,CSODSR162309938,Pre,12/29/2022,30,12414.17,12414.17
2005925H,THUDALLA PH 2,JA-ELA,CSODSR162309937,Pre,12/29/2022,30,2268.12,2268.12
0005877H,HENDALA MEDICAL,WATTALA,CSODSR162309965,Pre,12/30/2022,29,4218.03,4218.03
2001472H,LAKSHAN CHIMIST,WATTALA,CSODSR162309964,Pre,12/30/2022,29,11270.08,11270.08
0007671H,HEALTH & GLOW PHARMACY,WATTALA,CSODSR162309963,Pre,12/30/2022,29,8529.00,8529.00
2000009H,LAKSE PHARMACY,PELIYAGODA,CSODSR162309958,Pre,12/30/2022,29,9188.76,5408.56
0003997H,ROSE VILLA PHARMACY,WATTALA,CSODSR162309954,Pre,12/30/2022,29,20193.45,20193.45
2004901H,NEW EKALA PHARMACY AND GROCERY,EKALA,CSODSR162309936,Pre,12/30/2022,29,14482.93,14482.93
0007671H,HEALTH & GLOW PHARMACY,WATTALA,CSODSR162309933,Pre,12/30/2022,29,56332.80,56332.80
2002097H,I I H S PHARMACY,MAHABAGE,CSODSR162309924,Pre,12/30/2022,29,24984.62,24984.62
0004016H,SETHMA PHARMACY,KANDANA,CSODSR162309992,Pre,12/31/2022,28,33430.00,33430.00
2001051H,"NEW ST,JOSEPH PHARMACY",Seeduwa,CSODSR162309991,Pre,12/31/2022,28,39734.54,35935.33
0000628H,RAGAMA PHARMACY ,RAGAMA,CSODSR162309989,Pre,12/31/2022,28,10055.78,10055.78
0007671H,HEALTH & GLOW PHARMACY,WATTALA,CSODSR162309988,Pre,12/31/2022,28,79503.19,70358.27
0000010H,ANURA PHARMACY,GAMPAHA,CSODSR162309984,Pre,12/31/2022,28,38414.04,38414.04
0009492H,HANSI PHARMACY,JA-ELA,CSODSR162309983,Pre,12/31/2022,28,12972.36,12972.36
0005890H,KAPUWATTA PHARMACY,JA-ELA,CSODSR162309982,Pre,12/31/2022,28,5547.78,5547.78
0002892H,HEALTHLINE PHARMACY,KANDANA,CSODSR162309981,Pre,12/31/2022,28,19009.29,19009.29
0004016H,SETHMA PHARMACY,KANDANA,CSODSR162309975,Pre,12/31/2022,28,146896.34,146896.34
0007461H,C & D PHARMACY,KANDANA,CSODSR162309969,Pre,12/31/2022,28,17129.41,17129.41
2003714H,SASITHMA PHARMACY,JA-ELA,CSODSR162309914,Pre,12/31/2022,28,28494.00,28494.00
2001051H,"NEW ST,JOSEPH PHARMACY",Seeduwa,CSODSR162309998,Pre,1/2/2023,26,43202.51,43202.51
0000094H,CENTRAL PHARMACY,Negambo,CSODSR162309993,Pre,1/2/2023,26,47823.14,47823.14
0000094H,CENTRAL PHARMACY,Negambo,CSODSR162310012,Pre,1/3/2023,25,2512.23,2512.23
2006161H,St. Anthony's Pharmacy,JA-ELA,CSODSR162309970,Pre,1/3/2023,25,13291.67,13291.67
2004127H,NIRODHYA PHARMACY AND GROCERY,RAGAMA,CSODSR162310027,Pre,1/4/2023,24,5698.80,5698.80
2001882H,New Medicare Pharmacy (Hospital),KATUNAYAKE,CSODSR162310023,Pre,1/4/2023,24,143894.70,143894.70
0003482H,LEESONS HOSPITAL,RAGAMA,CSODSR162310022,Pre,1/4/2023,24,104550.00,104550.00
2003003H,DHARANI PHARMACY,GAMPAHA,CSODSR162310020,Pre,1/4/2023,24,11369.56,11369.56
0007952H,MEDRI PHARMACY,GAMPAHA,CSODSR162310018,Pre,1/4/2023,24,12791.91,12791.91
0006482H,OSADHI PHARMACY,GAMPAHA,CSODSR162310017,Pre,1/4/2023,24,28652.15,26899.71
0009764H,C.N.S PHARMACY,GAMPAHA,CSODSR162310016,Pre,1/4/2023,24,33374.55,33374.55
0000010H,ANURA PHARMACY,GAMPAHA,CSODSR162310015,Pre,1/4/2023,24,48705.09,48705.09
0010178H,SAMARA PHARMACY,GAMPAHA,CSODSR162310013,Pre,1/4/2023,24,23766.25,23766.25
0007201H,SUWENI PHARMACY,UDUGAMPOLA,CSODSR162310010,Pre,1/4/2023,24,4310.16,4310.16
0004356H,THILINA PHARMACY,UDUGAMPOLA,CSODSR162310009,Pre,1/4/2023,24,19835.14,19835.14
2001306H,ISURU PHARMACY,GAMPAHA,CSODSR162310007,Pre,1/4/2023,24,14520.32,14520.32
2000027H,CO - OPERATIVE HOSPITAL,GAMPAHA,CSODSR162310006,Pre,1/4/2023,24,26758.75,26758.75
0007145H,CENTRAL PHARMACY,GAMPAHA,CSODSR162310005,Pre,1/4/2023,24,17921.78,17921.78
2006000H,DASATHA PHARMACY,GAMPAHA,CSODSR162310004,Pre,1/4/2023,24,16704.13,16704.13
0008915H,SYNERGY MEDICAL,GAMPAHA,CSODSR162310003,Pre,1/4/2023,24,8890.58,8890.58
0003990H,C.R MEDITEC 2,GAMPAHA,CSODSR162310001,Pre,1/4/2023,24,41679.62,41679.62
0009956H,C.R MEDITEC LAB,GAMPAHA,CSODSR162310000,Pre,1/4/2023,24,4340.60,4340.60
0020009H,SETHMA HOSPITAL,GAMPAHA,CSODSR162309999,Pre,1/4/2023,24,23403.70,23403.70
0006297H,KRISHMO PHARMACY,WATTALA,CSODSR162309979,Pre,1/4/2023,24,5601.28,5601.28
0005133H,WATTALA OSU SALA,WATTALA,CSODSR162309957,Pre,1/4/2023,24,22882.98,22882.98
2006119H,UNIX PHARMACY,JA-ELA,CSODSR162310055,Pre,1/5/2023,23,9840.70,9840.70
0000964H,PRASANNA PHARMACY,JA-ELA,CSODSR162310054,Pre,1/5/2023,23,22479.70,22479.70
0000964H,PRASANNA PHARMACY,JA-ELA,CSODSR162310053,Pre,1/5/2023,23,83558.26,83558.26
0008675H,BOPITIYA PHARMACY,BOPITIYA,CSODSR162310051,Pre,1/5/2023,23,29911.25,29911.25
0003225H,JA - ELA NAWA OSU SALA,JA-ELA,CSODSR162310049,Pre,1/5/2023,23,8680.40,8680.40
2000239H,ST. JOSHEP PHARMACY,JA-ELA,CSODSR162310044,Pre,1/5/2023,23,59142.75,59142.75
2000241H,THILINA PHARMACY,EKALA,CSODSR162310043,Pre,1/5/2023,23,31234.09,31234.09
0014877H,HELTH CEAR PARMACY,Negambo,CSODSR162310042,Pre,1/5/2023,23,29324.51,29324.51
2004901H,NEW EKALA PHARMACY AND GROCERY,EKALA,CSODSR162310040,Pre,1/5/2023,23,14517.48,14517.48
2000027H,CO - OPERATIVE HOSPITAL,GAMPAHA,CSODSR162310037,Pre,1/5/2023,23,26758.75,26758.75
0000964H,PRASANNA PHARMACY,JA-ELA,CSODSR162310036,Pre,1/5/2023,23,18901.00,18901.00
0002229H,CO - OPERATIVE PHARMACY,GAMPAHA,CSODSR162310035,Pre,1/5/2023,23,34160.55,34160.55
0002229H,CO - OPERATIVE PHARMACY,GAMPAHA,CSODSR162310034,Pre,1/5/2023,23,80006.76,76011.56
0000628H,RAGAMA PHARMACY ,RAGAMA,CSODSR162310031,Pre,1/5/2023,23,11725.70,5862.85
2000010H,LEESONS PHARMACY,RAGAMA,CSODSR162310030,Pre,1/5/2023,23,66600.70,66600.70
0010061H,SIYARA PHARMACY,UDUGAMPOLA,CSODSR162310008,Pre,1/5/2023,23,17073.63,17073.63
0003217H,AROGYA HOSPITAL,GAMPAHA,CSODSR162310002,Pre,1/5/2023,23,9856.36,9856.36
2004152H,JAYAMAHA SUPER,WATTALA,CSODSR162309960,Pre,1/5/2023,23,17795.87,17795.87
0000628H,RAGAMA PHARMACY ,RAGAMA,CSODSR162310057,Pre,1/7/2023,21,27667.96,27667.96
2002864H,CENTRAL PHARMACY & GROSSERY,Minuwangoda,CSODSR162310063,Pre,1/9/2023,19,105084.96,105084.96
2003714H,SASITHMA PHARMACY,JA-ELA,CSODSR162310060,Pre,1/9/2023,19,28494.00,28494.00
0007671H,HEALTH & GLOW PHARMACY,WATTALA,CSODSR162310058,Pre,1/9/2023,19,68433.55,68433.55
2001472H,LAKSHAN CHIMIST,WATTALA,CSODSR162310101,Pre,1/10/2023,18,6284.75,6284.75
0007671H,HEALTH & GLOW PHARMACY,WATTALA,CSODSR162310099,Pre,1/10/2023,18,48720.74,48720.74
2006098H,HEALTHGRADE HEALTHCARE,WATTALA,CSODSR162310097,Pre,1/10/2023,18,13323.80,13323.80
0005877H,HENDALA MEDICAL,WATTALA,CSODSR162310092,Pre,1/10/2023,18,21199.34,19524.52
0005133H,WATTALA OSU SALA,WATTALA,CSODSR162310088,Pre,1/10/2023,18,20913.32,20913.32
2002650H,DR. LAKSHMAN FERNANDO,WATTALA,CSODSR162310087,Pre,1/10/2023,18,14825.60,14825.60
0000489H,NEW PHARMACY,WATTALA,CSODSR162310086,Pre,1/10/2023,18,43224.06,43224.06
0000628H,RAGAMA PHARMACY ,RAGAMA,CSODSR162310075,Pre,1/10/2023,18,150219.73,150219.73
0000964H,PRASANNA PHARMACY,JA-ELA,CSODSR162310062,Pre,1/10/2023,18,46793.00,46793.00
0006244H,GIMSHANI PHARMACY,KANDANA,CSODSR162310121,Pre,1/11/2023,17,11266.56,11266.56
0010613H,GOLDEN CHEMIST,KANDANA,CSODSR162310120,Pre,1/11/2023,17,24611.91,24611.91
0004016H,SETHMA PHARMACY,KANDANA,CSODSR162310119,Pre,1/11/2023,17,169894.43,169894.43
0007992H,RILAWULLA PHARMACY,KANDANA,CSODSR162310115,Pre,1/11/2023,17,36453.44,36453.44
2006161H,St. Anthony's Pharmacy,JA-ELA,CSODSR162310114,Pre,1/11/2023,17,15402.10,15402.10
2003714H,SASITHMA PHARMACY,JA-ELA,CSODSR162310112,Pre,1/11/2023,17,54397.23,49355.09
0007461H,C & D PHARMACY,KANDANA,CSODSR162310108,Pre,1/11/2023,17,9922.61,9922.61
2006098H,HEALTHGRADE HEALTHCARE,WATTALA,CSODSR162310105,Pre,1/11/2023,17,6686.00,6686.00
2003679H,NITHYA PHARMACY,Minuwangada,CSODSR162310103,Pre,1/11/2023,17,14110.56,14110.56
2004152H,JAYAMAHA SUPER,WATTALA,CSODSR162310091,Pre,1/11/2023,17,23183.33,23183.33
2000156H,Dagonna Pharmacy,Minuwangoda,CSODSR162310078,Pre,1/11/2023,17,48143.58,48143.58
2003069H,CHALANI PHARMACY,Minuwangoda,CSODSR162310074,Pre,1/11/2023,17,13975.69,13975.69
2004239H,THE MEDIC PHARMACY,MINIWANGODA,CSODSR162310073,Pre,1/11/2023,17,8548.20,8548.20
0004021H,SAHANA OSUSALA,Minuwangoda,CSODSR162310072,Pre,1/11/2023,17,13619.31,13619.31
0000493H,NEW NANDANA PHARMACY,Minuwangoda,CSODSR162310071,Pre,1/11/2023,17,12925.69,12925.69
2001792H,KALASI OSUSALA,Minuwangoda,CSODSR162310069,Pre,1/11/2023,17,8437.49,8437.49
2003115H,MADURI PHARMACY,Minuwangada,CSODSR162310068,Pre,1/11/2023,17,6770.75,6770.75
0010594H,PEAPALS PHARMACY,Minuwangoda,CSODSR162310066,Pre,1/11/2023,17,2262.11,2262.11
2004079H,D N D PHARMACY,MINIWANGODA,CSODSR162310064,Pre,1/11/2023,17,44873.78,44873.78
2000027H,CO - OPERATIVE HOSPITAL,GAMPAHA,CSODSR162310133,Pre,1/12/2023,16,32110.50,32110.50
0007931H,OSILKA PHARMACY,Minuwangoda,CSODSR162310132,Pre,1/12/2023,16,3333.16,3333.16
0005445H,M.C. PHARMACY,Minuwangoda,CSODSR162310130,Pre,1/12/2023,16,27785.68,27785.68
0005445H,M.C. PHARMACY,Minuwangoda,CSODSR162310129,Pre,1/12/2023,16,80032.82,80032.82
0014891H,ST'MARYS PHARMACY,KATUNAYAKE,CSODSR162310126,Pre,1/12/2023,16,11266.56,11266.56
2005669H,VIDUSHA PHARMACY,KANDANA,CSODSR162310125,Pre,1/12/2023,16,3333.16,3333.16
2001472H,LAKSHAN CHIMIST,WATTALA,CSODSR162310100,Pre,1/12/2023,16,1997.60,1997.60
2003693H,A K M PHARMACY,WATTALA,CSODSR162310084,Pre,1/12/2023,16,5992.80,5992.80
0005404H,PAMUNUGAMA PHARMACY,PAMUNUGAMA,CSODSR162310149,Pre,1/13/2023,15,7560.40,7560.40
0009720H,PAMUNUGAMA OSU SALA,Seeduwa,CSODSR162310148,Pre,1/13/2023,15,1674.82,1674.82
0009492H,HANSI PHARMACY,JA-ELA,CSODSR162310147,Pre,1/13/2023,15,12567.70,8682.53
0014887H,LAXSIRI PHARMACY,KATUNAYAKE,CSODSR162310143,Pre,1/13/2023,15,32620.52,29916.24
0003490H,ASIRI PHARMACY,Seeduwa,CSODSR162310140,Pre,1/13/2023,15,40327.41,40327.41
2000392H,PEOPLE'S PHARMACY,Seeduwa,CSODSR162310137,Pre,1/13/2023,15,13384.92,13384.92
2000088H,SRI LAK PHARMACY,Seeduwa,CSODSR162310136,Pre,1/13/2023,15,89467.34,89467.34
0000708H,SEEDUWA MEDICULS,Seeduwa,CSODSR162310134,Pre,1/13/2023,15,22355.46,19569.32
0006244H,GIMSHANI PHARMACY,KANDANA,CSODSR162310122,Pre,1/13/2023,15,4274.10,4274.10
0004016H,SETHMA PHARMACY,KANDANA,CSODSR162310118,Pre,1/13/2023,15,6456.18,6456.18
2006161H,St. Anthony's Pharmacy,JA-ELA,CSODSR162310113,Pre,1/13/2023,15,1076.03,1076.03
0007461H,C & D PHARMACY,KANDANA,CSODSR162310107,Pre,1/13/2023,15,4274.10,4274.10
0000010H,ANURA PHARMACY,GAMPAHA,CSODSR162310156,Pre,1/14/2023,14,3668.76,3668.76
0000964H,PRASANNA PHARMACY,JA-ELA,CSODSR162310138,Pre,1/14/2023,14,3799.21,3799.21
0008876H,DR. LAKSRI LOKULIYANA,JA-ELA,CSODSR162310174,Pre,1/16/2023,12,98020.00,98020.00
0002229H,CO - OPERATIVE PHARMACY,GAMPAHA,CSODSR162310168,Pre,1/16/2023,12,27913.27,27913.27
0000628H,RAGAMA PHARMACY ,RAGAMA,CSODSR162310165,Pre,1/16/2023,12,10763.85,10763.85
0004356H,THILINA PHARMACY,UDUGAMPOLA,CSODSR162310164,Pre,1/16/2023,12,7374.10,7374.10
0014540H,EMPIRE MEDICAL STORES,GAMPAHA,CSODSR162310163,Pre,1/16/2023,12,40613.64,40613.64
0006482H,OSADHI PHARMACY,GAMPAHA,CSODSR162310162,Pre,1/16/2023,12,30431.64,30431.64
0007145H,CENTRAL PHARMACY,GAMPAHA,CSODSR162310161,Pre,1/16/2023,12,19835.78,19835.78
2006017H,ROYAL CARE PHARMACY & FAMILY MART,GAMPAHA,CSODSR162310160,Pre,1/16/2023,12,4292.92,4292.92
2002252H,NAWALOKA MEDICARE (PVT) LTD,GAMPAHA,CSODSR162310159,Pre,1/16/2023,12,39499.10,39499.10
2006000H,DASATHA PHARMACY,GAMPAHA,CSODSR162310158,Pre,1/16/2023,12,19972.91,19972.91
0009764H,C.N.S PHARMACY,GAMPAHA,CSODSR162310157,Pre,1/16/2023,12,40506.87,40506.87
0000010H,ANURA PHARMACY,GAMPAHA,CSODSR162310155,Pre,1/16/2023,12,105250.87,105250.87
0008915H,SYNERGY MEDICAL,GAMPAHA,CSODSR162310154,Pre,1/16/2023,12,22657.75,22657.75
2006017H,ROYAL CARE PHARMACY & FAMILY MART,GAMPAHA,CSODSR162310153,Pre,1/16/2023,12,3885.17,3885.17
0007952H,MEDRI PHARMACY,GAMPAHA,CSODSR162310152,Pre,1/16/2023,12,7200.18,7200.18
0003990H,C.R MEDITEC 2,GAMPAHA,CSODSR162310151,Pre,1/16/2023,12,1555.38,1555.38
0020009H,SETHMA HOSPITAL,GAMPAHA,CSODSR162310150,Pre,1/16/2023,12,125315.35,125315.35
0005404H,PAMUNUGAMA PHARMACY,PAMUNUGAMA,CSODSR162310185,Pre,1/17/2023,11,15402.10,15402.10
0010596H,SEEDUWA OSUSALA,Seeduwa,CSODSR162310184,Pre,1/17/2023,11,44101.65,44101.65
2006161H,St. Anthony's Pharmacy,JA-ELA,CSODSR162310183,Pre,1/17/2023,11,1076.03,1076.03
0000628H,RAGAMA PHARMACY ,RAGAMA,CSODSR162310182,Pre,1/17/2023,11,155394.20,155394.20
2000010H,LEESONS PHARMACY,RAGAMA,CSODSR162310177,Pre,1/17/2023,11,92014.04,92014.04
0000632H,RELIABLE PHARMACY,MAHABAGE,CSODSR162310176,Pre,1/17/2023,11,34026.97,34026.97
2002097H,I I H S PHARMACY,MAHABAGE,CSODSR162310173,Pre,1/17/2023,11,20698.89,20698.89
0000628H,RAGAMA PHARMACY ,RAGAMA,CSODSR162310172,Pre,1/17/2023,11,6666.32,6666.32
0007874H,SAHANA PHARMACY,RAGAMA,CSODSR162310171,Pre,1/17/2023,11,18925.78,18925.78
0001054H,NEW CITY PHARMACY,RAGAMA,CSODSR162310170,Pre,1/17/2023,11,20163.72,20163.72
0006839H,SAMPATH PHARMACY,RAGAMA,CSODSR162310169,Pre,1/17/2023,11,48940.92,48940.92
2003714H,SASITHMA PHARMACY,JA-ELA,CSODSR162310111,Pre,1/17/2023,11,7990.40,7990.40
0003225H,JA - ELA NAWA OSU SALA,JA-ELA,CSODSR162310205,Pre,1/18/2023,10,7113.36,7113.36
0014887H,LAXSIRI PHARMACY,KATUNAYAKE,CSODSR162310204,Pre,1/18/2023,10,3799.21,3799.21
2005185H,ST.MARY'S PHARMACY,KANDANA,CSODSR162310201,Pre,1/18/2023,10,14924.28,14924.28
0014545H,ST. JOSEPH'S PHARMACY,PAMUNUGAMA,CSODSR162310200,Pre,1/18/2023,10,17129.41,17129.41
0008675H,BOPITIYA PHARMACY,BOPITIYA,CSODSR162310199,Pre,1/18/2023,10,29596.91,29596.91
0005404H,PAMUNUGAMA PHARMACY,PAMUNUGAMA,CSODSR162310197,Pre,1/18/2023,10,20614.22,20614.22
0000294H,ST. JUDE PHARMACY,JA-ELA,CSODSR162310194,Pre,1/18/2023,10,14271.60,14271.60
2000239H,ST. JOSHEP PHARMACY,JA-ELA,CSODSR162310193,Pre,1/18/2023,10,48525.79,48525.79
2004901H,NEW EKALA PHARMACY AND GROCERY,EKALA,CSODSR162310192,Pre,1/18/2023,10,18581.56,18581.56
2003324H,AROYA PHARMACY,EKALA,CSODSR162310191,Pre,1/18/2023,10,3333.16,3333.16
2005669H,VIDUSHA PHARMACY,KANDANA,CSODSR162310188,Pre,1/18/2023,10,7123.50,7123.50
2000156H,Dagonna Pharmacy,Minuwangoda,CSODSR162310186,Pre,1/18/2023,10,35746.33,35746.33
0008968H,FAMILY CARE PHARMACY,WATTALA,CSODSR162310218,Pre,1/19/2023,9,12967.51,12967.51
0007671H,HEALTH & GLOW PHARMACY,WATTALA,CSODSR162310216,Pre,1/19/2023,9,7169.56,7169.56
2002413H,LANKA PHARAMACY,WATTALA,CSODSR162310215,Pre,1/19/2023,9,4467.22,4467.22
0009970H,AMMAN MEDICAL,PELIYAGODA,CSODSR162310214,Pre,1/19/2023,9,42269.86,42269.86
2001472H,LAKSHAN CHIMIST,WATTALA,CSODSR162310213,Pre,1/19/2023,9,27283.98,27283.98
2000009H,LAKSE PHARMACY,PELIYAGODA,CSODSR162310212,Pre,1/19/2023,9,2256.00,2256.00
0005612H,PEOPLES PHARMACY,WATTALA,CSODSR162310210,Pre,1/19/2023,9,29853.01,29853.01
2004152H,JAYAMAHA SUPER,WATTALA,CSODSR162310209,Pre,1/19/2023,9,18392.02,18392.02
0003997H,ROSE VILLA PHARMACY,WATTALA,CSODSR162310207,Pre,1/19/2023,9,19807.28,19807.28
0014889H,HELTH CARE PHARMACY,Seeduwa,CSODSR162310236,Pre,1/20/2023,8,3333.16,3333.16
0000489H,NEW PHARMACY,WATTALA,CSODSR162310230,Pre,1/20/2023,8,16548.55,16548.55
0005877H,HENDALA MEDICAL,WATTALA,CSODSR162310229,Pre,1/20/2023,8,3333.16,3333.16
0005890H,KAPUWATTA PHARMACY,JA-ELA,CSODSR162310228,Pre,1/20/2023,8,4128.98,4128.98
0010613H,GOLDEN CHEMIST,KANDANA,CSODSR162310227,Pre,1/20/2023,8,19481.56,19481.56
0004016H,SETHMA PHARMACY,KANDANA,CSODSR162310226,Pre,1/20/2023,8,211796.85,211796.85
0007992H,RILAWULLA PHARMACY,KANDANA,CSODSR162310225,Pre,1/20/2023,8,43202.51,43202.51
2006161H,St. Anthony's Pharmacy,JA-ELA,CSODSR162310224,Pre,1/20/2023,8,1752.44,1752.44
2003714H,SASITHMA PHARMACY,JA-ELA,CSODSR162310223,Pre,1/20/2023,8,29926.55,29926.55
2002550H,Royal Pharmacy,KANDANA,CSODSR162310222,Pre,1/20/2023,8,28451.85,28451.85
0006244H,GIMSHANI PHARMACY,KANDANA,CSODSR162310219,Pre,1/20/2023,8,4664.68,4664.68
2005078H,TRUE CARE PHARMACY AND GROCERY,WATTALA,CSODSR162310208,Pre,1/20/2023,8,1383.53,1383.53
0008961H,CALVARY MEDICAL,JA-ELA,CSODSR162310195,Pre,1/20/2023,8,9390.28,9390.28
0000628H,RAGAMA PHARMACY ,RAGAMA,CSODSR162310181,Pre,1/20/2023,8,46793.00,46793.00
2000010H,LEESONS PHARMACY,RAGAMA,CSODSR162310178,Pre,1/20/2023,8,14037.90,14037.90
2000239H,ST. JOSHEP PHARMACY,JA-ELA,CSODSR162310240,Pre,1/21/2023,7,8114.68,8114.68
0000964H,PRASANNA PHARMACY,JA-ELA,CSODSR162310239,Pre,1/21/2023,7,15397.68,15397.68
0014877H,HELTH CEAR PARMACY,Negambo,CSODSR162310238,Pre,1/21/2023,7,13021.80,13021.80
0000708H,SEEDUWA MEDICULS,Seeduwa,CSODSR162310233,Pre,1/21/2023,7,27636.25,27636.25
0007461H,C & D PHARMACY,KANDANA,CSODSR162310220,Pre,1/21/2023,7,12583.03,12583.03
0000964H,PRASANNA PHARMACY,JA-ELA,CSODSR162310203,Pre,1/21/2023,7,66860.00,66860.00
0000964H,PRASANNA PHARMACY,JA-ELA,CSODSR162310202,Pre,1/21/2023,7,128378.60,128378.60
0000964H,PRASANNA PHARMACY,JA-ELA,CSODSR162310106,Pre,1/21/2023,7,23588.44,23588.44
2005082H,AROWIN PHARMACY,RAGAMA,CSODSR162310252,Pre,1/23/2023,5,11266.56,11266.56
0014889H,HELTH CARE PHARMACY,Seeduwa,CSODSR162310250,Pre,1/23/2023,5,837.41,837.41
0000094H,CENTRAL PHARMACY,Negambo,CSODSR162310249,Pre,1/23/2023,5,2322.86,2322.86
0000094H,CENTRAL PHARMACY,Negambo,CSODSR162310248,Pre,1/23/2023,5,53316.14,53316.14
2000088H,SRI LAK PHARMACY,Seeduwa,CSODSR162310246,Pre,1/23/2023,5,11946.33,11946.33
0006482H,OSADHI PHARMACY,GAMPAHA,CSODSR162310281,Pre,1/24/2023,4,19165.38,19165.38
0007952H,MEDRI PHARMACY,GAMPAHA,CSODSR162310280,Pre,1/24/2023,4,13382.85,13382.85
2002252H,NAWALOKA MEDICARE (PVT) LTD,GAMPAHA,CSODSR162310279,Pre,1/24/2023,4,9555.47,9555.47
0000252H,GAMPAHA MEDICAL,GAMPAHA,CSODSR162310278,Pre,1/24/2023,4,15958.42,15958.42
0009764H,C.N.S PHARMACY,GAMPAHA,CSODSR162310277,Pre,1/24/2023,4,26132.87,26132.87
2000004H,Sahanra pharmacy,GAMPAHA,CSODSR162310276,Pre,1/24/2023,4,20674.74,20674.74
0006802H,FAMILY PHARMACY,UDUGAMPOLA,CSODSR162310275,Pre,1/24/2023,4,16758.88,16758.88
0007201H,SUWENI PHARMACY,UDUGAMPOLA,CSODSR162310274,Pre,1/24/2023,4,4873.37,4873.37
0004356H,THILINA PHARMACY,UDUGAMPOLA,CSODSR162310273,Pre,1/24/2023,4,17643.77,17643.77
0002229H,CO - OPERATIVE PHARMACY,GAMPAHA,CSODSR162310272,Pre,1/24/2023,4,92724.86,92724.86
0010061H,SIYARA PHARMACY,UDUGAMPOLA,CSODSR162310271,Pre,1/24/2023,4,3333.16,3333.16
2001306H,ISURU PHARMACY,GAMPAHA,CSODSR162310270,Pre,1/24/2023,4,11953.78,11953.78
2000027H,CO - OPERATIVE HOSPITAL,GAMPAHA,CSODSR162310263,Pre,1/24/2023,4,33882.25,33882.25
0000010H,ANURA PHARMACY,GAMPAHA,CSODSR162310262,Pre,1/24/2023,4,73003.90,73003.90
2006000H,DASATHA PHARMACY,GAMPAHA,CSODSR162310261,Pre,1/24/2023,4,14398.10,14398.10
0007145H,CENTRAL PHARMACY,GAMPAHA,CSODSR162310260,Pre,1/24/2023,4,11725.70,11725.70
0010178H,SAMARA PHARMACY,GAMPAHA,CSODSR162310257,Pre,1/24/2023,4,8488.38,8488.38
0010282H,SAFE MEDICS,GAMPAHA,CSODSR162310256,Pre,1/24/2023,4,5629.41,5629.41
0003990H,C.R MEDITEC 2,GAMPAHA,CSODSR162310255,Pre,1/24/2023,4,26219.48,26219.48
0020009H,SETHMA HOSPITAL,GAMPAHA,CSODSR162310254,Pre,1/24/2023,4,85876.82,85876.82
2005816H,IDIAL DRUGS (PVT) LTD,WATTALA,CSODSR162310253,Pre,1/24/2023,4,11266.56,11266.56
0007856H,CHEMI WORLD PHARMACY,WATTALA,CSODSR162310283,Pre,1/25/2023,3,20087.80,20087.80
0008675H,BOPITIYA PHARMACY,BOPITIYA,CSODSR162310282,Pre,1/25/2023,3,14247.00,14247.00
2005082H,AROWIN PHARMACY,RAGAMA,CSODSR162310259,Pre,1/25/2023,3,27467.14,27467.14
2000657H,DR. ANUJA FERNANDO,Seeduwa,CSODSR162310295,Pre,1/26/2023,2,94505.00,94505.00
2001090H,DR. ANOMA WIJESINGHE,WATTALA,CSODSR162310294,Pre,1/26/2023,2,94505.00,94505.00
0006839H,SAMPATH PHARMACY,RAGAMA,CSODSR162310293,Pre,1/26/2023,2,14800.18,14800.18
0007874H,SAHANA PHARMACY,RAGAMA,CSODSR162310292,Pre,1/26/2023,2,7117.60,7117.60
0000628H,RAGAMA PHARMACY ,RAGAMA,CSODSR162310291,Pre,1/26/2023,2,3504.88,3504.88
0000628H,RAGAMA PHARMACY ,RAGAMA,CSODSR162310290,Pre,1/26/2023,2,3780.20,3780.20
0000628H,RAGAMA PHARMACY ,RAGAMA,CSODSR162310289,Pre,1/26/2023,2,24263.24,24263.24
0007671H,HEALTH & GLOW PHARMACY,WATTALA,CSODSR162310287,Pre,1/26/2023,2,11794.22,11794.22
2006195H,D PLUS PHARMACY & GROCERY,RAGAMA,CSODSR162310286,Pre,1/26/2023,2,6666.32,6666.32
0001054H,NEW CITY PHARMACY,RAGAMA,CSODSR162310285,Pre,1/26/2023,2,4292.92,4292.92
2006248H,GEN-X PHRAMACY,MINIWANGODA,CSODSR162310264,Pre,1/26/2023,2,2704.28,2704.28
2002864H,CENTRAL PHARMACY & GROSSERY,Minuwangoda,CSODSR162310247,Pre,1/26/2023,2,59594.32,59594.32
0000493H,NEW NANDANA PHARMACY,Minuwangoda,CSODSR162310245,Pre,1/26/2023,2,9224.91,9224.91
2005340H,S M MEDICAL,Minuwangada,CSODSR162310244,Pre,1/26/2023,2,10872.84,10872.84
2000156H,Dagonna Pharmacy,Minuwangoda,CSODSR162310243,Pre,1/26/2023,2,6860.62,6860.62
2004239H,THE MEDIC PHARMACY,MINIWANGODA,CSODSR162310242,Pre,1/26/2023,2,3780.20,3780.20
2000156H,Dagonna Pharmacy,Minuwangoda,CSODSR162310187,Pre,1/26/2023,2,17588.55,17588.55
2004901H,NEW EKALA PHARMACY AND GROCERY,EKALA,CSODSR162310309,Pre,1/27/2023,1,17714.70,17714.70
0014891H,ST'MARYS PHARMACY,KATUNAYAKE,CSODSR162310308,Pre,1/27/2023,1,14017.82,14017.82
0005612H,PEOPLES PHARMACY,WATTALA,CSODSR162310307,Pre,1/27/2023,1,7626.31,7626.31
0008675H,BOPITIYA PHARMACY,BOPITIYA,CSODSR162310306,Pre,1/27/2023,1,9643.05,9643.05
0014545H,ST. JOSEPH'S PHARMACY,PAMUNUGAMA,CSODSR162310305,Pre,1/27/2023,1,27073.81,27073.81
0005404H,PAMUNUGAMA PHARMACY,PAMUNUGAMA,CSODSR162310304,Pre,1/27/2023,1,14196.71,14196.71
2005185H,ST.MARY'S PHARMACY,KANDANA,CSODSR162310303,Pre,1/27/2023,1,9749.16,9749.16
2000241H,THILINA PHARMACY,EKALA,CSODSR162310301,Pre,1/27/2023,1,4274.10,4274.10
2003324H,AROYA PHARMACY,EKALA,CSODSR162310298,Pre,1/27/2023,1,10631.82,10631.82
2006297H,RICH LANKA PHARMACY,JA-ELA,CSODSR162310297,Pre,1/27/2023,1,10515.60,10515.60
2001792H,KALASI OSUSALA,Minuwangoda,CSODSR162310266,Pre,1/27/2023,1,3080.42,3080.42
0005404H,PAMUNUGAMA PHARMACY,PAMUNUGAMA,CSODSR162310311,Pre,1/28/2023,0,19833.69,19833.69
0020009H,SETHMA HOSPITAL,GAMPAHA,CSODSR162310310,Pre,1/28/2023,0,46473.10,46473.10
0000010H,ANURA PHARMACY,GAMPAHA,CSODSR162310300,Pre,1/28/2023,0,36687.60,36687.60
