WCINV4875,25/Nov/2021,SANARA PHARMACY,429,"36,435.00",0.00,0.00,"28,935.00","28,935.00",,
WCINV4903,27/Nov/2021,HEALTH CORNER PHARMACY,427,"16,913.40",0.00,0.00,"16,913.40","16,913.40",,
WCSUJ-1,30/Nov/2021,Asian Pharmacy - Col - 12,424,"1,111.00",0.00,0.00,"1,111.00","1,111.00",,
WCSUJ-2,30/Nov/2021,,424,1.00,0.00,0.00,1.00,1.00,,
WCINV5121,07/Dec/2021,DR.JAWAHEER,417,"2,440.00",0.00,0.00,"2,440.00","2,440.00",,
WCINV5639,28/Dec/2021,DR.P.W.Dayan De Silva (REG 6701),396,"30,475.00",0.00,0.00,"30,475.00","30,475.00",,
WCINV5736,30/Dec/2021,SUWASALA PHARMACY,394,"3,508.50",0.00,0.00,995.68,995.68,,
WCINV5856,05/Jan/2022,DUNAGAHA OSUSALA,388,"5,790.49",0.00,0.00,"5,790.49","5,790.49",,
WCINV5865,05/Jan/2022,LAK PHARMACY- SEEDUWA,388,"145,736.00",0.00,0.00,"145,736.00","145,736.00",,
WCRCT3443,10/Jan/2022,NEW  CITY PHARMACY -RAGAMA,383,"-2,349.00",0.00,0.00,"-2,349.00","-2,349.00",,
WCINV6707,01/Feb/2022,WASANTHA DISANAYAKA DR:ADIAMBALAMA,361,"30,780.00",0.00,0.00,"30,780.00","30,780.00",,
WCINV6974,09/Feb/2022,WASANTHA DISANAYAKA DR:ADIAMBALAMA,353,"25,650.00",0.00,0.00,"25,650.00","25,650.00",,
WCINV7528,25/Feb/2022,DR GAMINI GUNAWARDANA,337,"3,444.00",0.00,0.00,"3,444.00","3,444.00",,
WCINV7564,28/Feb/2022,THALAHENA PHARMACY,334,"4,114.43",0.00,0.00,"4,114.43","4,114.43",,
WCINV7573,28/Feb/2022,CASH,334,"1,205.13",0.00,0.00,"1,205.13","1,205.13",,
WCINV7758,08/Mar/2022,CASH,326,"20,918.85",0.00,0.00,"20,918.85","20,918.85",,
WCINV8054,18/Mar/2022,DR.R.S.JAYAKUMAR (REG 14081),316,"12,680.00",0.00,0.00,680.00,680.00,,
WCINV8206,23/Mar/2022,PRADIPA PHARMACY,311,796.71,0.00,0.00,796.71,796.71,,
WCINV8250,24/Mar/2022,NAWALOKA HOSPITAL,310,"296,380.40",0.00,0.00,"3,950.00","3,950.00",,
WCINV8316,26/Mar/2022,DR.R.S.JAYAKUMAR (REG 14081),308,"9,120.00",0.00,0.00,"9,120.00","9,120.00",,
WCINV8639,07/Apr/2022,SASITHMA PHARMACY,296,"21,395.90",0.00,0.00,"21,395.90","21,395.90",,
WCINV8753,18/Apr/2022,DR.H.ASITHA FERNANDO,285,"31,290.00",0.00,0.00,"7,565.00","7,565.00",,
WCINV8838,20/Apr/2022,BANDULA PHARMACY-MINUWANGODA,283,"57,155.57",0.00,0.00,"50,403.43","50,403.43",,
WCINV8839,20/Apr/2022,BANDULA PHARMACY-MINUWANGODA,283,"8,470.00",0.00,0.00,"8,470.00","8,470.00",,
WCINV8884,22/Apr/2022,DR.SUJITH NONIS,281,"52,150.00",0.00,0.00,"33,000.00","33,000.00",,
WCINV9017,26/Apr/2022,CASH,277,923.08,0.00,0.00,923.08,923.08,,
WCINV9089,28/Apr/2022,UNIQUE PHARMACY,275,"30,480.84",0.00,0.00,"30,480.84","30,480.84",,
WCINV9099,28/Apr/2022,UNIQUE PHARMACY,275,"32,230.80",0.00,0.00,"32,230.80","32,230.80",,
WCINV9149,29/Apr/2022,SRI SMAART PHARMACY,274,"5,562.80",0.00,0.00,"5,562.80","5,562.80",,
WCINV9170,30/Apr/2022,UNIQUE PHARMACY,273,"66,232.10",0.00,0.00,"66,232.10","66,232.10",,
WCINV9268,07/May/2022,BANDULA PHARMACY-MINUWANGODA,266,"2,777.78",0.00,0.00,"2,777.78","2,777.78",,
WCINV9271,07/May/2022,BANDULA PHARMACY-MINUWANGODA,266,"9,120.00",0.00,0.00,"9,120.00","9,120.00",,
WCINV9352,14/May/2022,HIMAYA PHARMACY,259,"54,725.30",0.00,0.00,"54,725.30","54,725.30",,
WCINV9475,19/May/2022,BANDULA PHARMACY-MINUWANGODA,254,"6,194.22",0.00,0.00,"6,194.22","6,194.22",,
WCINV9476,19/May/2022,BANDULA PHARMACY-MINUWANGODA,254,"14,958.21",0.00,0.00,"14,958.21","14,958.21",,
WCINV9519,20/May/2022,NEW JAYA LANKA PHARMACY,253,"20,000.00",0.00,0.00,"20,000.00","20,000.00",,
WCINV9812,04/Jun/2022,HIRUMA PHARMACY AND GROCERY,238,"18,260.00",0.00,0.00,"18,260.00","18,260.00",,
WCINV10117,22/Jun/2022,DR.NAMAL SRI WIJESINGHE(KANDAWALA MEDICAL CENTRE),220,"12,174.00",0.00,0.00,"12,174.00","12,174.00",,
WCINV10148,23/Jun/2022,DR.SAMPATH BERNARD - NEGOMBO,219,"7,488.50",0.00,0.00,"7,488.50","7,488.50",,
WCINV10286,30/Jun/2022,DR.K.L.A.D.S.PERERA (REG 13994),212,"218,400.00",0.00,0.00,"218,400.00","218,400.00",,
WCINV10354,06/Jul/2022,WELL CARE PHARMACY,206,"6,241.86",0.00,0.00,"4,161.24","4,161.24",,
WCINV10472,15/Jul/2022,DERANA LABORATORY,197,"10,435.00",0.00,0.00,"4,995.00","4,995.00",,
WCINV10662,22/Jul/2022,K&V PHARMACY,190,"4,147.70",0.00,0.00,"4,147.70","4,147.70",,
WCINV10666,23/Jul/2022,K&V PHARMACY,189,"13,856.10",0.00,0.00,"13,856.10","13,856.10",,
WCINV10754,27/Jul/2022,DR.NAMAL SRI WIJESINGHE(KANDAWALA MEDICAL CENTRE),185,"12,596.00",0.00,0.00,"12,596.00","12,596.00",,
WCINV10802,29/Jul/2022,ST JUDE PHARMACY-SEEDUWA,183,"4,347.80",0.00,0.00,"4,347.80","4,347.80",,
WCINV10810,29/Jul/2022,SUWEGA PHARMACY,183,"11,730.00",0.00,0.00,"11,730.00","11,730.00",,
WCINV10826,30/Jul/2022,DR.NAMAL SRI WIJESINGHE(KANDAWALA MEDICAL CENTRE),182,"1,948.72",0.00,0.00,"1,948.72","1,948.72",,
WCINV10827,30/Jul/2022,DR.NAMAL SRI WIJESINGHE(KANDAWALA MEDICAL CENTRE),182,"3,913.00",0.00,0.00,"3,913.00","3,913.00",,
WCINV10881,01/Aug/2022,DR.RAVI SILVA,180,"10,984.55",0.00,0.00,550.55,550.55,,
WCINV10909,04/Aug/2022,DR.NAMAL SRI WIJESINGHE(KANDAWALA MEDICAL CENTRE),177,"12,926.00",0.00,0.00,"12,926.00","12,926.00",,
WCINV10922,04/Aug/2022,DR.NAMAL SRI WIJESINGHE(KANDAWALA MEDICAL CENTRE),177,"2,923.08",0.00,0.00,"2,923.08","2,923.08",,
WCINV11025,12/Aug/2022,DR.ISURU,169,"8,240.00",0.00,0.00,"8,240.00","8,240.00",,
WCINV11052,13/Aug/2022,MEDI MINDERS,168,"6,004.58",0.00,0.00,"6,004.58","6,004.58",,
WCINV11236,19/Aug/2022,DR.NAMAL SRI WIJESINGHE(KANDAWALA MEDICAL CENTRE),162,"27,734.00",0.00,0.00,"27,734.00","27,734.00",,
WCINV11386,26/Aug/2022,SUWASETHA PHARMACY,155,"54,837.59",0.00,0.00,"31,458.57","31,458.57",,
WCINV11415,27/Aug/2022,DR.NAMAL SRI WIJESINGHE(KANDAWALA MEDICAL CENTRE),154,"45,490.10",0.00,0.00,"45,490.10","45,490.10",,
WCINV11552,02/Sep/2022,DR VIRAJ PERAMUNA,148,"6,080.00",0.00,0.00,"6,080.00","6,080.00",,
WCINV11553,02/Sep/2022,DR.O.N.H.MAPITIGAMA (REG 16841),148,"49,310.00",0.00,0.00,"24,310.00","24,310.00",,
WCINV11592,06/Sep/2022,DR.NAMAL SRI WIJESINGHE(KANDAWALA MEDICAL CENTRE),144,"54,439.00",0.00,0.00,"54,439.00","54,439.00",,
WCINV11621,08/Sep/2022,DR. (MAJOR)O.J.P.SILVA,142,"1,955.00",0.00,0.00,"1,955.00","1,955.00",,
WCINV11696,12/Sep/2022,SUWASETHA PHARMACY,138,"47,060.23",0.00,0.00,"47,060.23","47,060.23",,
WCINV11697,12/Sep/2022,SUWASETHA PHARMACY,138,"60,870.00",0.00,0.00,"60,870.00","60,870.00",,
WCINV11700,12/Sep/2022,DR. CHAMINDA SOORIARCHCHI,138,"43,300.00",0.00,0.00,"43,300.00","43,300.00",,
WCINV11702,12/Sep/2022,NEW CHALANI PHARMACY-MINUWANGODA,138,"31,444.17",0.00,0.00,"31,444.17","31,444.17",,
WCINV11703,12/Sep/2022,NEW CHALANI PHARMACY-MINUWANGODA,138,"52,323.72",0.00,0.00,"52,323.72","52,323.72",,
WCINV11771,15/Sep/2022,DR.ASHA DE ALWIS,135,"29,550.00",0.00,0.00,"29,550.00","29,550.00",,
WCINV11787,15/Sep/2022,U.K.HEALTH CENTER  (DR.CHANNA ),135,"41,441.50",0.00,0.00,"31,441.50","31,441.50",,
WCINV11803,15/Sep/2022,Dr.Kumar Senadira,135,"64,130.00",0.00,0.00,"64,130.00","64,130.00",,
WCINV11825,16/Sep/2022,DR.N.NILANGA WANIGAPURA (REG 17397),134,"72,340.00",0.00,0.00,"12,340.00","12,340.00",,
WCINV11902,21/Sep/2022,HIMAYA PHARMACY,129,"27,869.40",0.00,0.00,"27,869.40","27,869.40",,
WCINV11905,21/Sep/2022,Dr.Kumar Senadira,129,"39,130.00",0.00,0.00,"39,130.00","39,130.00",,
WCINV11951,23/Sep/2022,OSANDA PHARMACY -AKARAGAMA,127,"45,094.00",0.00,0.00,"45,094.00","45,094.00",,
WCINV11954,23/Sep/2022,HIMAYA PHARMACY,127,"23,077.00",0.00,0.00,"23,077.00","23,077.00",,
WCINV11955,23/Sep/2022,HIMAYA PHARMACY,127,"5,050.18",0.00,0.00,"5,050.18","5,050.18",,
WCINV11990,26/Sep/2022,SRI SMAART PHARMACY,124,"6,087.00",0.00,0.00,"6,087.00","6,087.00",,
WCINV12011,27/Sep/2022,SUWASETHA PHARMACY,123,"51,825.12",0.00,0.00,"51,825.12","51,825.12",,
WCINV12024,27/Sep/2022,DIVYA PHARMACY,123,"32,877.71",0.00,0.00,"32,877.71","32,877.71",,
WCINV12025,27/Sep/2022,DIVYA PHARMACY,123,"16,135.70",0.00,0.00,"16,135.70","16,135.70",,
WCINV12026,27/Sep/2022,DR GAMINI GUNAWARDANA,123,"52,797.56",0.00,0.00,"52,797.56","52,797.56",,
WCINV12027,27/Sep/2022,DR GAMINI GUNAWARDANA,123,"29,863.87",0.00,0.00,"29,863.87","29,863.87",,
WCINV12191,04/Oct/2022,HIMAYA PHARMACY,116,"40,903.90",0.00,0.00,"40,903.90","40,903.90",,
WCINV12195,04/Oct/2022,NEW CENTRAL PHARMACY,116,"17,384.64",0.00,0.00,"17,384.64","17,384.64",,
WCINV12200,04/Oct/2022,NEW CENTRAL PHARMACY,116,"164,101.88",0.00,0.00,"151,101.88","151,101.88",,
WCINV12204,04/Oct/2022,WENZ PHARMACY & GROCERY,116,"8,945.96",0.00,0.00,933.14,933.14,,
WCINV12238,07/Oct/2022,DR.ROSHITHA DE SILVA,113,"3,717.95",0.00,0.00,128.21,128.21,,
WCINV12254,07/Oct/2022,DR.NIMALI TISSERA (REG 10228),113,"14,067.00",0.00,0.00,"12,167.00","12,167.00",,
WCINV12288,10/Oct/2022,U.K.HEALTH CENTER  (DR.CHANNA ),110,"19,798.90",0.00,0.00,"19,798.90","19,798.90",,
WCINV12327,12/Oct/2022,RANMINI PHARMACY,108,"6,871.79",0.00,0.00,"6,871.79","6,871.79",,
WCINV12328,12/Oct/2022,RANMINI PHARMACY,108,"7,129.50",0.00,0.00,"7,129.50","7,129.50",,
WCINV12333,12/Oct/2022,U.K.HEALTH CENTER  (DR.CHANNA ),108,"6,800.00",0.00,0.00,"6,800.00","6,800.00",,
WCINV12347,13/Oct/2022,J PLUS PHAMACY,107,"14,513.26",0.00,0.00,"14,513.26","14,513.26",,
WCINV12348,13/Oct/2022,NEW CHALANI PHARMACY-MINUWANGODA,107,"52,196.07",0.00,0.00,"52,196.07","52,196.07",,
WCINV12351,13/Oct/2022,NEW CHALANI PHARMACY-MINUWANGODA,107,"10,430.00",0.00,0.00,"10,430.00","10,430.00",,
WCINV12358,13/Oct/2022,SUWASAVIYA PHARMACY,107,"38,686.50",0.00,0.00,"33,614.00","33,614.00",,
WCINV12364,13/Oct/2022,DR.MRS. L.S.WARNAKULASURIYA,107,"40,000.00",0.00,0.00,"40,000.00","40,000.00",,
WCINV12379,13/Oct/2022,J PLUS PHAMACY,107,"51,851.50",0.00,0.00,"51,851.50","51,851.50",,
WCINV12413,14/Oct/2022,DR.LIONAL HALAHAKOON,106,"2,130.00",0.00,0.00,"2,130.00","2,130.00",,
WCINV12437,15/Oct/2022,RANMINI PHARMACY,105,"39,587.45",0.00,0.00,"39,587.45","39,587.45",,
WCINV12479,18/Oct/2022,DR.WALIKALA,102,"2,938.00",0.00,0.00,"2,938.00","2,938.00",,
WCINV12505,19/Oct/2022,RANMINI PHARMACY,101,"3,247.86",0.00,0.00,"3,247.86","3,247.86",,
WCINV12506,19/Oct/2022,RANMINI PHARMACY,101,"23,904.00",0.00,0.00,"23,904.00","23,904.00",,
WCINV12532,20/Oct/2022,DR.MRS.MANIK DE MEL,100,"10,650.00",0.00,0.00,"10,650.00","10,650.00",,
WCINV12539,20/Oct/2022,DR.ROSHINIE  PERERA,100,"13,860.00",0.00,0.00,"13,860.00","13,860.00",,
WCINV12561,20/Oct/2022,S.I.PHARMACY,100,"12,119.00",0.00,0.00,"12,119.00","12,119.00",,
WCINV12587,21/Oct/2022,DR.ROSHITHA DE SILVA,99,"14,538.48",0.00,0.00,615.40,615.40,,
WCINV12651,26/Oct/2022,M.U.M.SHAFWAN,94,"176,365.50",0.00,0.00,"60,365.50","60,365.50",,
WCINV12669,27/Oct/2022,K & K PHARMACY,93,"16,515.00",0.00,0.00,"16,515.00","16,515.00",,
WCINV12718,28/Oct/2022,SUWASETHA PHARMACY,92,"17,988.70",0.00,0.00,"17,988.70","17,988.70",,
WCINV12719,28/Oct/2022,SUWASETHA PHARMACY,92,"4,485.57",0.00,0.00,"4,485.57","4,485.57",,
WCINV12738,28/Oct/2022,NAWALOKA HOSPITAL,92,"969,151.15",0.00,0.00,"45,538.38","45,538.38",,
WCINV12755,29/Oct/2022,OSANDA PHARMACY -AKARAGAMA,91,"4,808.90",0.00,0.00,"4,808.90","4,808.90",,
WCINV12756,29/Oct/2022,OSANDA PHARMACY -AKARAGAMA,91,"30,133.47",0.00,0.00,"30,133.47","30,133.47",,
WCINV12757,29/Oct/2022,OSANDA PHARMACY -AKARAGAMA,91,"11,600.00",0.00,0.00,"11,600.00","11,600.00",,
WCINV12815,31/Oct/2022,DR HASITH FERNANDO,89,"31,850.00",0.00,0.00,"31,850.00","31,850.00",,
WCINV12880,04/Nov/2022,DR.NISHANTHA  WICKRAMASINGHA,85,"17,730.00",0.00,0.00,"17,730.00","17,730.00",,
WCINV12883,04/Nov/2022,DR.NIMALI TISSERA (REG 10228),85,"4,347.80",0.00,0.00,"4,347.80","4,347.80",,
WCINV12957,09/Nov/2022,WELL CARE PHARMACY,80,"62,214.40",0.00,0.00,"62,214.40","62,214.40",,
WCINV12974,10/Nov/2022,M.U.M.SHAFWAN,79,"55,557.35",0.00,0.00,"55,557.35","55,557.35",,
WCINV13004,10/Nov/2022,SUWASETHA PHARMACY,79,"3,516.52",0.00,0.00,"3,516.52","3,516.52",,
WCINV13018,11/Nov/2022,DR.U.P.DANIEL,78,"39,100.00",0.00,0.00,"39,100.00","39,100.00",,
WCINV13019,11/Nov/2022,DR.UDITHA HERATH,78,"31,370.00",0.00,0.00,"31,370.00","31,370.00",,
WCINV13020,11/Nov/2022,DR.S.L.M.JAVAHIR (REG 8258),78,"23,550.00",0.00,0.00,"23,550.00","23,550.00",,
WCINV13021,11/Nov/2022,Dr.Kumar Senadira,78,"261,950.00",0.00,0.00,"261,950.00","261,950.00",,
WCINV13022,11/Nov/2022,DR.MILINDA FERNANDO,78,"43,475.00",0.00,0.00,"43,475.00","43,475.00",,
WCINV13036,11/Nov/2022,SUWASAVIYA PHARMACY,78,"11,600.00",0.00,0.00,"11,600.00","11,600.00",,
WCINV13037,11/Nov/2022,DR.SALIYA BOBUWALA,78,"49,100.00",0.00,0.00,"49,100.00","49,100.00",,
WCINV13091,14/Nov/2022,DR.S.R.FRENANDO,75,"134,265.00",0.00,0.00,"134,265.00","134,265.00",,
WCINV13110,15/Nov/2022,DR. J.A.C.K.JAYASINGHE (REG 24802),74,"30,434.60",0.00,0.00,"30,434.60","30,434.60",,
WCINV13120,15/Nov/2022,U.K.HEALTH CENTER  (DR.CHANNA ),74,"14,147.50",0.00,0.00,"14,147.50","14,147.50",,
WCINV13127,15/Nov/2022,PEOPLES PHARMACY-HENDALA,74,"11,477.40",0.00,0.00,"11,477.40","11,477.40",,
WCINV13128,15/Nov/2022,OSUSALA-WATTALA,74,"51,376.08",0.00,0.00,"45,735.06","45,735.06",,
WCINV13194,18/Nov/2022,CENTRAL NURSING HOME( DR.K.JAYALINGAM),71,"85,990.00",0.00,0.00,"85,990.00","85,990.00",,
WCINV13197,18/Nov/2022,M.U.M.SHAFWAN,71,"67,385.00",0.00,0.00,"67,385.00","67,385.00",,
WCINV13198,18/Nov/2022,M.U.M.SHAFWAN,71,"125,925.00",0.00,0.00,"125,925.00","125,925.00",,
WCINV13207,18/Nov/2022,JAYAMAHA SUPER PHARMACY,71,"10,000.00",0.00,0.00,"10,000.00","10,000.00",,
WCINV13254,18/Nov/2022,DR.DINESH HETTIARACHCHI,71,"3,652.00",0.00,0.00,"3,652.00","3,652.00",,
WCINV13310,21/Nov/2022,ALLIANCE PHARMACY-MAHABAGE,68,"3,247.86",0.00,0.00,"3,247.86","3,247.86",,
WCRTN1913,21/Nov/2022,DR.RAVI SILVA,68,"-2,608.50",0.00,0.00,-0.50,-0.50,,
WCINV13327,21/Nov/2022,WASANTHA DISANAYAKA DR:ADIAMBALAMA,68,"39,100.00",0.00,0.00,"39,100.00","39,100.00",,
WCINV13328,21/Nov/2022,SM MEDICALS PHARMACY,68,"11,481.56",0.00,0.00,459.94,459.94,,
WCINV13387,23/Nov/2022,PRASANNA PHARMACY-JA-ELA,66,"50,628.21",0.00,0.00,"50,628.21","50,628.21",,
WCINV13428,24/Nov/2022,DR.SALIYA BOBUWALA,65,"69,125.00",0.00,0.00,"69,125.00","69,125.00",,
WCINV13440,24/Nov/2022,NEW CENTRAL PHARMACY,65,"19,230.80",0.00,0.00,"19,230.80","19,230.80",,
WCINV13484,25/Nov/2022,THE PHARMACY,64,"25,512.83",0.00,0.00,"15,512.83","15,512.83",,
WCINV13499,26/Nov/2022,LEESONS PHARMACY,63,"7,620.67",0.00,0.00,"7,620.67","7,620.67",,
WCINV13514,28/Nov/2022,ST ANTHONY'S PHARMACY,61,"28,382.86",0.00,0.00,"28,382.86","28,382.86",,
WCINV13515,28/Nov/2022,ST ANTHONY'S PHARMACY,61,"102,924.94",0.00,0.00,"102,924.94","102,924.94",,
WCINV13530,28/Nov/2022,ALLIANCE PHARMACY-MAHABAGE,61,"8,695.00",0.00,0.00,"8,695.00","8,695.00",,
WCINV13531,28/Nov/2022,ALLIANCE PHARMACY-MAHABAGE,61,"3,700.86",0.00,0.00,"3,700.86","3,700.86",,
WCINV13555,29/Nov/2022,UNION CHEMIST -WATTALA,60,"362,430.03",0.00,"9,323.64",0.00,"9,323.64",,
WCINV13560,29/Nov/2022,MAHAJANA OSUSALA,60,"260,850.00",0.00,"260,850.00",0.00,"260,850.00",,
WCINV13561,29/Nov/2022,MAHAJANA OSUSALA,60,"94,226.68",0.00,"94,226.68",0.00,"94,226.68",,
WCINV13562,29/Nov/2022,MAHAJANA OSUSALA,60,"53,478.36",0.00,"50,928.36",0.00,"50,928.36",,
WCINV13567,29/Nov/2022,MELSTA HOSPITALS RAGAMA PVT LTD,60,"50,156.77",0.00,"50,156.77",0.00,"50,156.77",,
WCINV13578,30/Nov/2022,DR.MANJULA THUSHARA,59,"8,595.00",0.00,"8,595.00",0.00,"8,595.00",,
WCINV13582,30/Nov/2022,SUWASALA PHARMACY,59,"73,225.99",0.00,"73,225.99",0.00,"73,225.99",,
WCINV13583,30/Nov/2022,SUWASALA PHARMACY,59,"38,286.70",0.00,"38,286.70",0.00,"38,286.70",,
WCINV13615,30/Nov/2022,MELSTA HOSPITALS RAGAMA PVT LTD,59,"39,658.66",0.00,"39,658.66",0.00,"39,658.66",,
WCINV13617,30/Nov/2022,MELSTA HOSPITALS RAGAMA PVT LTD,59,"15,893.30",0.00,"15,893.30",0.00,"15,893.30",,
WCINV13618,30/Nov/2022,MELSTA HOSPITALS RAGAMA PVT LTD,59,"20,274.56",0.00,"20,274.56",0.00,"20,274.56",,
WCINV13652,01/Dec/2022,HEALTH LINE PHARMACY,58,"88,373.50",0.00,"88,373.50",0.00,"88,373.50",,
WCINV13669,02/Dec/2022,UNIQUE PHARMACY,57,"5,301.30",0.00,"5,301.30",0.00,"5,301.30",,
WCINV13687,03/Dec/2022,DR.S.R.FRENANDO,56,"47,750.00",0.00,"47,750.00",0.00,"47,750.00",,
WCINV13694,03/Dec/2022,DR  (MRS)K.R.P.PODDALGODA,56,"16,698.90",0.00,"16,698.90",0.00,"16,698.90",,
WCINV13695,03/Dec/2022,DR  (MRS)K.R.P.PODDALGODA,56,"5,645.81",0.00,"5,645.81",0.00,"5,645.81",,
WCINV13704,05/Dec/2022,UNIQUE PHARMACY,54,"18,772.80",0.00,"18,772.80",0.00,"18,772.80",,
WCINV13705,05/Dec/2022,DR.W.M.PARAKRAMA WARNASURIYA,54,"2,100.00",0.00,"2,100.00",0.00,"2,100.00",,
WCINV13708,05/Dec/2022,DR.W.M.PARAKRAMA WARNASURIYA,54,"4,050.00",0.00,"4,050.00",0.00,"4,050.00",,
WCINV13709,05/Dec/2022,HEALING PHARMACY,54,"46,063.02",0.00,"46,063.02",0.00,"46,063.02",,
WCINV13710,05/Dec/2022,HEALING PHARMACY,54,"12,866.52",0.00,"12,866.52",0.00,"12,866.52",,
WCRTN1947,05/Dec/2022,THE LANKA PHARMACY,54,"-15,801.51",0.00,-0.30,0.00,-0.30,,
WCINV13736,05/Dec/2022,DR.D.TENNAKOON (REG 9316),54,"40,000.00",0.00,"40,000.00",0.00,"40,000.00",,
WCINV13737,06/Dec/2022,NEW PHARMACY -WATTALA,53,"2,650.65",0.00,"2,650.65",0.00,"2,650.65",,
WCINV13741,06/Dec/2022,NAWALOKA HOSPITAL,53,"22,931.50",0.00,"19,085.34",0.00,"19,085.34",,
WCINV13742,06/Dec/2022,NAWALOKA HOSPITAL,53,"9,107.42",0.00,"9,107.42",0.00,"9,107.42",,
WCINV13750,08/Dec/2022,Dr.Kumar Senadira,51,"12,320.00",0.00,"12,320.00",0.00,"12,320.00",,
WCINV13753,08/Dec/2022,NEW CENTRAL PHARMACY,51,"60,042.74",0.00,"54,487.18",0.00,"54,487.18",,
WCINV13754,08/Dec/2022,DR.LASANTHA FERNANDO,51,"53,400.00",0.00,"53,400.00",0.00,"53,400.00",,
WCINV13755,08/Dec/2022,CENTRAL NURSING HOME( DR.K.JAYALINGAM),51,"58,000.00",0.00,"58,000.00",0.00,"58,000.00",,
WCINV13764,08/Dec/2022,DR.SALIYA BOBUWALA,51,"114,055.00",0.00,"114,055.00",0.00,"114,055.00",,
WCINV13778,09/Dec/2022,SUWASETHA PHARMACY,50,"11,536.10",0.00,"11,536.10",0.00,"11,536.10",,
WCINV13783,09/Dec/2022,LIFE CARE  PHARMACY,50,"2,565.00",0.00,"2,565.00",0.00,"2,565.00",,
WCINV13786,09/Dec/2022,SUWASETHA PHARMACY,50,"30,000.00",0.00,"30,000.00",0.00,"30,000.00",,
WCINV13788,09/Dec/2022,DR.MANJULA THUSHARA,50,"8,725.00",0.00,"8,725.00",0.00,"8,725.00",,
WCINV13792,09/Dec/2022,KALASI PHARMACY,50,"8,933.34",0.00,"8,933.34",0.00,"8,933.34",,
WCINV13795,09/Dec/2022,AVE MARIA PHARMACY,50,"19,550.00",0.00,"10,430.00",0.00,"10,430.00",,
WCINV13801,09/Dec/2022,SUWASETHA PHARMACY,50,"40,144.00",0.00,"40,144.00",0.00,"40,144.00",,
WCINV13808,09/Dec/2022,HEALING PHARMACY,50,"14,963.00",0.00,"14,963.00",0.00,"14,963.00",,
WCINV13818,09/Dec/2022,DR.W.M.PARAKRAMA WARNASURIYA,50,"29,120.00",0.00,"29,120.00",0.00,"29,120.00",,
WCINV13825,09/Dec/2022,NEW CENTRAL PHARMACY,50,"11,538.45",0.00,"11,538.45",0.00,"11,538.45",,
WCINV13833,09/Dec/2022,CO OP OSUSALA,50,"8,321.13",0.00,"8,321.13",0.00,"8,321.13",,
WCINV13836,09/Dec/2022,CO OP OSUSALA,50,"10,278.03",0.00,"7,503.03",0.00,"7,503.03",,
WCINV13837,09/Dec/2022,CO OP OSUSALA,50,"15,000.00",0.00,"15,000.00",0.00,"15,000.00",,
WCINV13866,10/Dec/2022,DR.HARSHA GUNASEKARA,49,"23,810.00",0.00,"23,810.00",0.00,"23,810.00",,
WCINV13869,10/Dec/2022,ASIRI PHARMACY AND GROCERY,49,"10,503.53",0.00,"10,503.53",0.00,"10,503.53",,
WCINV13870,10/Dec/2022,ASIRI PHARMACY AND GROCERY,49,"50,297.80",0.00,"50,297.80",0.00,"50,297.80",,
WCINV13871,10/Dec/2022,DR.SHANTHA WIJESINGHA,49,"760,850.00",0.00,"650,000.00",0.00,"650,000.00",,
WCINV13873,10/Dec/2022,DR.SHANTHA WIJESINGHA,49,"98,866.75",0.00,"98,866.75",0.00,"98,866.75",,
WCINV13875,10/Dec/2022,DR.SHANTHA WIJESINGHA,49,"112,610.01",0.00,"112,610.01",0.00,"112,610.01",,
WCINV13880,10/Dec/2022,Dr.Ruwinda Abeyrathna,49,"31,290.00",0.00,"31,290.00",0.00,"31,290.00",,
WCINV13896,12/Dec/2022,JAYAKODY PHARMACY,47,"14,017.08",0.00,"14,017.08",0.00,"14,017.08",,
WCINV13897,12/Dec/2022,JAYAKODY PHARMACY,47,"31,588.62",0.00,"31,588.62",0.00,"31,588.62",,
WCINV13906,12/Dec/2022,M.U.M.SHAFWAN,47,"51,420.25",0.00,"51,420.25",0.00,"51,420.25",,
WCINV13925,13/Dec/2022,JEEWANTHI PHARMACY,46,"89,922.00",0.00,"89,922.00",0.00,"89,922.00",,
WCINV13926,13/Dec/2022,JEEWANTHI PHARMACY,46,"258,444.38",0.00,"258,444.38",0.00,"258,444.38",,
WCINV13927,13/Dec/2022,JEEWANTHI PHARMACY,46,"147,826.30",0.00,"147,826.30",0.00,"147,826.30",,
WCINV13928,13/Dec/2022,JEEWANTHI PHARMACY,46,"60,000.00",0.00,"60,000.00",0.00,"60,000.00",,
WCINV13931,13/Dec/2022,SILVER RAY PHARMACY,46,"7,750.05",0.00,"7,750.05",0.00,"7,750.05",,
WCINV13932,13/Dec/2022,DR HASITH FERNANDO,46,"46,960.00",0.00,"46,960.00",0.00,"46,960.00",,
WCINV13961,13/Dec/2022,RASUL PHARMACY 02,46,"40,561.20",0.00,"40,561.20",0.00,"40,561.20",,
WCINV13987,14/Dec/2022,SILVER RAY PHARMACY,45,"19,684.68","19,684.68",0.00,0.00,"19,684.68",,
WCINV13988,14/Dec/2022,NEW CENTRAL PHARMACY,45,"27,777.80","27,777.80",0.00,0.00,"27,777.80",,
WCINV14007,14/Dec/2022,I.I.H.S PHARMACY,45,"13,688.89","13,688.89",0.00,0.00,"13,688.89",,
WCINV14008,14/Dec/2022,DR.CHINTHAKA RATHNAYAKA - WATTALA,45,"33,474.00","33,474.00",0.00,0.00,"33,474.00",,
WCINV14009,14/Dec/2022,DR.CHINTHAKA RATHNAYAKA - WATTALA,45,"75,065.00","75,065.00",0.00,0.00,"75,065.00",,
WCINV14010,14/Dec/2022,DR.CHINTHAKA RATHNAYAKA - WATTALA,45,"47,008.60","47,008.60",0.00,0.00,"47,008.60",,
WCINV14014,14/Dec/2022,LEO PHARMACY,45,"11,846.16","11,846.16",0.00,0.00,"11,846.16",,
WCINV14017,15/Dec/2022,LEO PHARMACY,44,"2,775.00","2,775.00",0.00,0.00,"2,775.00",,
WCINV14019,15/Dec/2022,AVE MARIA HOSPITAL,44,"185,636.77","185,636.77",0.00,0.00,"185,636.77",,
WCINV14021,15/Dec/2022,DR.N.NILANGA WANIGAPURA (REG 17397),44,"13,525.50","13,525.50",0.00,0.00,"13,525.50",,
WCINV14025,15/Dec/2022,LEO PHARMACY,44,"5,846.16","5,846.16",0.00,0.00,"5,846.16",,
WCINV14028,15/Dec/2022,RELIABLE PHARMACY-MAHABAGE,44,"45,651.00","45,651.00",0.00,0.00,"45,651.00",,
WCINV14031,15/Dec/2022,NEW CENTRAL PHARMACY,44,"9,478.00","9,478.00",0.00,0.00,"9,478.00",,
WCINV14050,15/Dec/2022,SETHMA PHARMACY -KANDANA,44,"19,487.20","19,487.20",0.00,0.00,"19,487.20",,
WCINV14056,15/Dec/2022,CENTRAL NURSING HOME( DR.K.JAYALINGAM),44,"5,550.00","5,550.00",0.00,0.00,"5,550.00",,
WCINV14064,15/Dec/2022,"ST""JOSAP PHARMACY-JA-ELA",44,"11,278.72","10,211.92",0.00,0.00,"10,211.92",,
WCINV14098,16/Dec/2022,DR.NIMAL SOVIS,43,"181,032.00","181,032.00",0.00,0.00,"181,032.00",,
WCINV14109,16/Dec/2022,MELSTA HOSPITALS RAGAMA PVT LTD,43,"98,146.08","98,146.08",0.00,0.00,"98,146.08",,
WCINV14115,16/Dec/2022,MELSTA HOSPITALS RAGAMA PVT LTD,43,"20,178.00","20,178.00",0.00,0.00,"20,178.00",,
WCINV14116,16/Dec/2022,RELIABLE PHARMACY-MAHABAGE,43,"18,014.20","18,014.20",0.00,0.00,"18,014.20",,
WCINV14117,16/Dec/2022,RELIABLE PHARMACY-MAHABAGE,43,"15,384.96","15,384.96",0.00,0.00,"15,384.96",,
WCINV14118,16/Dec/2022,Dr.Mohomed Huseir (Reg 15119),43,"7,820.00","7,820.00",0.00,0.00,"7,820.00",,
WCINV14119,16/Dec/2022,NEW PHARMACY- DELPE,43,"41,396.08","39,607.87",0.00,0.00,"39,607.87",,
WCINV14120,16/Dec/2022,NEW PHARMACY- DELPE,43,"27,393.69","25,470.61",0.00,0.00,"25,470.61",,
WCINV14121,16/Dec/2022,ALLIANCE PHARMACY-MAHABAGE,43,"9,478.00","9,478.00",0.00,0.00,"9,478.00",,
WCINV14123,17/Dec/2022,DR.M.N.F.RIMZEENA (FAMILY MEDICAL CENTRE ),42,"39,460.00","39,460.00",0.00,0.00,"39,460.00",,
WCINV14127,17/Dec/2022,ALLIANCE PHARMACY-MAHABAGE,42,974.36,974.36,0.00,0.00,974.36,,
WCINV14128,17/Dec/2022,I.I.H.S PHARMACY,42,"15,666.67","15,666.67",0.00,0.00,"15,666.67",,
WCINV14141,19/Dec/2022,THE PHARMACY,40,"10,000.00","10,000.00",0.00,0.00,"10,000.00",,
WCINV14151,19/Dec/2022,RAGAMA PHARMACY  - SEEDUWA,40,"5,106.78","5,106.78",0.00,0.00,"5,106.78",,
WCINV14154,19/Dec/2022,RAGAMA PHARMACY  - SEEDUWA,40,"6,128.21","6,128.21",0.00,0.00,"6,128.21",,
WCINV14159,19/Dec/2022,HEALTH LINE PHARMACY,40,"9,743.60","9,743.60",0.00,0.00,"9,743.60",,
WCINV14160,19/Dec/2022,SRI SMAART PHARMACY,40,"7,477.00","7,477.00",0.00,0.00,"7,477.00",,
WCINV14162,19/Dec/2022,MAHAJANA OSUSALA,40,"10,000.00","10,000.00",0.00,0.00,"10,000.00",,
WCINV14164,19/Dec/2022,DR.S.PRIYAL MARTINUS (REG 11493),40,"75,600.40","75,600.40",0.00,0.00,"75,600.40",,
WCINV14176,19/Dec/2022,ANGEL PHARMACY AND GROCERY,40,"6,422.00","6,422.00",0.00,0.00,"6,422.00",,
WCINV14177,19/Dec/2022,Daluwakotuwa Pharmacy,40,"4,762.00",148.72,0.00,0.00,148.72,,
WCINV14179,19/Dec/2022,UNION CHEMIST -WATTALA,40,"5,840.52","5,840.52",0.00,0.00,"5,840.52",,
WCINV14183,20/Dec/2022,DR.S.PRIYAL MARTINUS (REG 11493),39,"15,217.00","15,217.00",0.00,0.00,"15,217.00",,
WCINV14187,20/Dec/2022,DR.(MRS) F. BENAZIR S. NALEEM,39,"58,659.74","58,659.74",0.00,0.00,"58,659.74",,
WCINV14189,20/Dec/2022,SHANTHI PHARMACY,39,"11,730.00","11,730.00",0.00,0.00,"11,730.00",,
WCINV14200,20/Dec/2022,PRASANNA PHARMACY-JA-ELA,39,"90,000.00","90,000.00",0.00,0.00,"90,000.00",,
WCINV14201,21/Dec/2022,DR.SHANTHA WIJESINGHA,38,"14,430.40","14,430.40",0.00,0.00,"14,430.40",,
WCINV14205,21/Dec/2022,DAGONNA PHARMACY AND GROCERY,38,"30,000.00","30,000.00",0.00,0.00,"30,000.00",,
WCINV14206,21/Dec/2022,DR.SRITHARAN,38,"56,410.20","56,410.20",0.00,0.00,"56,410.20",,
WCINV14208,21/Dec/2022,DR.CHINTHAKA RATHNAYAKA - WATTALA,38,"21,367.50","21,367.50",0.00,0.00,"21,367.50",,
WCINV14209,21/Dec/2022,DR.CHINTHAKA RATHNAYAKA - WATTALA,38,"7,820.00","7,820.00",0.00,0.00,"7,820.00",,
WCINV14211,21/Dec/2022,SUWASALA PHARMACY,38,"14,340.00","14,340.00",0.00,0.00,"14,340.00",,
WCINV14216,22/Dec/2022,NAWALOKA HOSPITAL,37,"168,307.14","168,307.14",0.00,0.00,"168,307.14",,
WCINV14217,22/Dec/2022,NAWALOKA HOSPITAL,37,"630,012.85","630,012.85",0.00,0.00,"630,012.85",,
WCINV14237,22/Dec/2022,SITHMINA PHARMACY,37,"21,245.10","21,245.10",0.00,0.00,"21,245.10",,
WCINV14239,22/Dec/2022,SITHMINA PHARMACY,37,"39,143.70","39,143.70",0.00,0.00,"39,143.70",,
WCINV14242,22/Dec/2022,NEW CENTRAL PHARMACY,37,"9,951.46","9,951.46",0.00,0.00,"9,951.46",,
WCINV14245,22/Dec/2022,NEW CENTRAL PHARMACY,37,"33,879.48","33,879.48",0.00,0.00,"33,879.48",,
WCINV14249,22/Dec/2022,DR.H.R.FRENANDO  (ST.SEBASTIAN  CLINIC),37,"11,845.00","11,845.00",0.00,0.00,"11,845.00",,
WCINV14250,22/Dec/2022,KALASI PHARMACY,37,"20,034.00","20,034.00",0.00,0.00,"20,034.00",,
WCINV14251,22/Dec/2022,OSADA PHARMACY,37,"35,194.02","35,194.02",0.00,0.00,"35,194.02",,
WCINV14252,22/Dec/2022,OSADA PHARMACY,37,"19,142.04","19,142.04",0.00,0.00,"19,142.04",,
WCINV14253,22/Dec/2022,SUWASETHA PHARMACY,37,"43,283.18","43,283.18",0.00,0.00,"43,283.18",,
WCINV14254,22/Dec/2022,SUWASETHA PHARMACY,37,"10,588.59","10,588.59",0.00,0.00,"10,588.59",,
WCINV14256,22/Dec/2022,K.K. DRUGS PHARMACY,37,"3,846.16","3,846.16",0.00,0.00,"3,846.16",,
WCINV14257,22/Dec/2022,Dr.B.Saliya (Medicare Dispensary),37,"67,045.00","67,045.00",0.00,0.00,"67,045.00",,
WCINV14258,22/Dec/2022,K.K. DRUGS PHARMACY,37,"2,225.00","2,225.00",0.00,0.00,"2,225.00",,
WCINV14259,22/Dec/2022,PAMUNUGAMA PHARMACY,37,"42,000.00","42,000.00",0.00,0.00,"42,000.00",,
WCINV14260,22/Dec/2022,DR.CHINTHAKA RATHNAYAKA - WATTALA,37,"12,000.00","12,000.00",0.00,0.00,"12,000.00",,
WCINV14268,23/Dec/2022,HEALTH AURA PHARMACY,36,"42,289.78","42,289.78",0.00,0.00,"42,289.78",,
WCINV14269,23/Dec/2022,HEALTH AURA PHARMACY,36,"21,123.88","21,123.88",0.00,0.00,"21,123.88",,
WCINV14272,23/Dec/2022,DIVYA PHARMACY,36,"20,000.00","20,000.00",0.00,0.00,"20,000.00",,
WCINV14273,23/Dec/2022,SASITHMA PHARMACY,36,"28,652.01","28,652.01",0.00,0.00,"28,652.01",,
WCINV14274,23/Dec/2022,SASITHMA PHARMACY,36,"4,025.64","4,025.64",0.00,0.00,"4,025.64",,
WCINV14276,23/Dec/2022,SASITHMA PHARMACY,36,"10,000.00","10,000.00",0.00,0.00,"10,000.00",,
WCINV14291,23/Dec/2022,SHANTHI PHARMACY,36,"9,615.41","9,615.41",0.00,0.00,"9,615.41",,
WCINV14294,23/Dec/2022,ROBERT MEDICALS,36,"2,992.60","2,992.60",0.00,0.00,"2,992.60",,
WCINV14297,24/Dec/2022,DR.S.R.FRENANDO,35,"43,475.00","43,475.00",0.00,0.00,"43,475.00",,
WCINV14305,28/Dec/2022,PRASANNA PHARMACY-JA-ELA,31,"11,299.70","11,299.70",0.00,0.00,"11,299.70",,
WCINV14308,28/Dec/2022,NEW JAYA LANKA PHARMACY,31,"9,051.14","9,051.14",0.00,0.00,"9,051.14",,
WCINV14309,28/Dec/2022,PAMUNUGAMA OSUSALA-RADDOLUGAMA,31,"2,080.62","2,080.62",0.00,0.00,"2,080.62",,
WCINV14311,28/Dec/2022,"ST""JOSAP PHARMACY-JA-ELA",31,"20,000.00","20,000.00",0.00,0.00,"20,000.00",,
WCINV14313,28/Dec/2022,THENUKA PHARMACY,31,"11,846.16","11,846.16",0.00,0.00,"11,846.16",,
WCINV14320,28/Dec/2022,PRASANNA PHARMACY-JA-ELA,31,"105,624.55","105,624.55",0.00,0.00,"105,624.55",,
WCINV14322,28/Dec/2022,PAMUNUGAMA OSUSALA-RADDOLUGAMA,31,"25,674.84","25,674.84",0.00,0.00,"25,674.84",,
WCINV14323,28/Dec/2022,NEW JAYA LANKA PHARMACY,31,"56,639.80","56,639.80",0.00,0.00,"56,639.80",,
WCINV14327,28/Dec/2022,NEW CENTRAL PHARMACY,31,"40,000.00","40,000.00",0.00,0.00,"40,000.00",,
WCINV14328,28/Dec/2022,PAMUNUGAMA OSUSALA-RADDOLUGAMA,31,"50,845.06","50,845.06",0.00,0.00,"50,845.06",,
WCINV14331,28/Dec/2022,SEA STREET OSUSALA,31,"8,547.02","8,547.02",0.00,0.00,"8,547.02",,
WCINV14335,28/Dec/2022,SEA STREET OSUSALA,31,"96,617.86","96,617.86",0.00,0.00,"96,617.86",,
WCINV14336,28/Dec/2022,SEEDUWA MEDICAL -SEEDUWA,31,"45,136.23","45,136.23",0.00,0.00,"45,136.23",,
WCINV14337,28/Dec/2022,SEEDUWA MEDICAL -SEEDUWA,31,"36,261.00","36,261.00",0.00,0.00,"36,261.00",,
WCINV14339,28/Dec/2022,MAHAJANA OSUSALA,31,"20,004.90","20,004.90",0.00,0.00,"20,004.90",,
WCINV14340,28/Dec/2022,MAHAJANA OSUSALA,31,"32,754.26","32,754.26",0.00,0.00,"32,754.26",,
WCINV14342,28/Dec/2022,SUWASALA PHARMACY,31,"16,329.68","16,329.68",0.00,0.00,"16,329.68",,
WCINV14344,28/Dec/2022,NAWA LANKA PHARMACY,31,"71,173.28","69,891.23",0.00,0.00,"69,891.23",,
WCINV14347,28/Dec/2022,LAKSHAN CHEMIST-MABOLA,31,"5,170.94","5,170.94",0.00,0.00,"5,170.94",,
WCINV14351,28/Dec/2022,NAWA LANKA PHARMACY,31,"18,168.00","14,690.00",0.00,0.00,"14,690.00",,
WCINV14355,28/Dec/2022,MABOLA OSUSALA -MABOLA,31,"9,425.94","9,425.94",0.00,0.00,"9,425.94",,
WCINV14356,28/Dec/2022,LAKSHAN CHEMIST-MABOLA,31,947.80,947.80,0.00,0.00,947.80,,
WCINV14358,28/Dec/2022,LAKSE PHARMACY,31,"29,972.67","29,972.67",0.00,0.00,"29,972.67",,
WCINV14361,28/Dec/2022,JAISARA PHARMACY-WATTALA,31,"1,072.50","1,072.50",0.00,0.00,"1,072.50",,
WCINV14365,29/Dec/2022,HIRUMA PHARMACY AND GROCERY,30,"7,848.90",0.00,0.00,0.00,"7,848.90",,
WCINV14366,29/Dec/2022,HIRUMA PHARMACY AND GROCERY,30,"11,367.52",0.00,0.00,0.00,"9,230.77",,
WCINV14367,29/Dec/2022,DR.SHUKRI,30,"39,100.00",0.00,0.00,0.00,"39,100.00",,
WCINV14368,29/Dec/2022,DR.M.NIROSHAN PRASANGA (ST.MARY'S MEDICAL CLINIC),30,"39,100.00",0.00,0.00,0.00,"39,100.00",,
WCINV14372,29/Dec/2022,DR.DINESH HETTIARACHCHI,30,"39,100.00",0.00,0.00,0.00,"39,100.00",,
WCINV14374,29/Dec/2022,NAWA LANKA PHARMACY,30,"11,730.00",0.00,0.00,0.00,"11,730.00",,
WCINV14375,29/Dec/2022,NAWA LANKA PHARMACY,30,"9,743.60",0.00,0.00,0.00,"9,743.60",,
WCINV14378,29/Dec/2022,THENUKA PHARMACY,30,"11,730.00",0.00,0.00,0.00,"11,730.00",,
WCINV14383,29/Dec/2022,UNIQUE PHARMACY,30,"38,974.40",0.00,0.00,0.00,"38,974.40",,
WCINV14388,29/Dec/2022,CALVERY MEDICAL -JAELA,30,"2,086.00",0.00,0.00,0.00,"2,086.00",,
WCINV14391,29/Dec/2022,NEW SUPER MEDICAL,30,"58,919.40",0.00,0.00,0.00,"58,919.40",,
WCINV14392,29/Dec/2022,NEW SUPER MEDICAL,30,"46,059.85",0.00,0.00,0.00,"46,059.85",,
WCINV14397,29/Dec/2022,PRASANNA PHARMACY-JA-ELA,30,"29,230.80",0.00,0.00,0.00,"29,230.80",,
WCINV14398,29/Dec/2022,PRASANNA PHARMACY-JA-ELA,30,"90,000.00",0.00,0.00,0.00,"90,000.00",,
WCINV14399,29/Dec/2022,PRASANNA PHARMACY-JA-ELA,30,"67,045.54",0.00,0.00,0.00,"67,045.54",,
WCINV14400,29/Dec/2022,ASOKA PHARMACY,30,"29,323.27",0.00,0.00,0.00,"29,323.27",,
WCINV14401,29/Dec/2022,ASOKA PHARMACY,30,"30,308.02",0.00,0.00,0.00,"30,308.02",,
WCINV14402,29/Dec/2022,ASOKA PHARMACY,30,"8,695.00",0.00,0.00,0.00,"8,695.00",,
WCINV14403,29/Dec/2022,HEALTH LINE PHARMACY,30,"10,641.03",0.00,0.00,0.00,"10,641.03",,
WCINV14404,29/Dec/2022,HEALTH LINE PHARMACY,30,"5,217.00",0.00,0.00,0.00,"5,217.00",,
WCINV14406,29/Dec/2022,DR.R.D.S.S.WICKRAMASINGHE (SLMC REG 20682),30,"120,605.77",0.00,0.00,0.00,"120,605.77",,
WCINV14408,29/Dec/2022,DR.R.D.S.S.WICKRAMASINGHE (SLMC REG 20682),30,"91,038.51",0.00,0.00,0.00,"91,038.51",,
WCINV14418,30/Dec/2022,RAGAMA PHARMACY  - SEEDUWA,29,"9,194.73",0.00,0.00,0.00,"9,194.73",,
WCINV14420,30/Dec/2022,RASUL PHARMACY,29,"8,660.00",0.00,0.00,0.00,"8,660.00",,
WCINV14421,30/Dec/2022,RAGAMA PHARMACY  - SEEDUWA,29,"1,153.85",0.00,0.00,0.00,"1,153.85",,
WCINV14422,30/Dec/2022,PEOPLES PHARMACY-MINUWANGODA,29,"86,950.00",0.00,0.00,0.00,"86,950.00",,
WCINV14424,30/Dec/2022,JEEWANTHI PHARMACY,29,"19,487.20",0.00,0.00,0.00,"19,487.20",,
WCINV14428,30/Dec/2022,"ST""JOSAP PHARMACY-JA-ELA",29,"27,871.85",0.00,0.00,0.00,"27,871.85",,
WCINV14433,30/Dec/2022,LAKSHAN CHEMIST-MABOLA,29,"28,835.63",0.00,0.00,0.00,"28,835.63",,
WCINV14437,30/Dec/2022,HEALTH & GLOW PHARMACY,29,"67,918.02",0.00,0.00,0.00,"57,119.68",,
WCINV14439,30/Dec/2022,LEESONS HOSPITAL,29,"87,483.45",0.00,0.00,0.00,"87,483.45",,
WCINV14441,30/Dec/2022,LEESONS HOSPITAL,29,"42,380.71",0.00,0.00,0.00,"42,380.71",,
WCINV14445,30/Dec/2022,PEOPLES PHARMACY-HENDALA,29,"75,266.98",0.00,0.00,0.00,"75,266.98",,
WCINV14447,31/Dec/2022,NEW PHARMACY- DELPE,28,"11,377.80",0.00,0.00,0.00,"11,377.80",,
WCINV14451,31/Dec/2022,RELIABLE PHARMACY-MAHABAGE,28,"9,743.60",0.00,0.00,0.00,"9,743.60",,
WCINV14452,31/Dec/2022,NEW PHARMACY- DELPE,28,"7,286.74",0.00,0.00,0.00,"7,286.74",,
WCINV14455,31/Dec/2022,HEALTH LINE PHARMACY,28,"25,711.90",0.00,0.00,0.00,"25,711.90",,
WCINV14456,31/Dec/2022,HEALTH LINE PHARMACY,28,"11,384.63",0.00,0.00,0.00,"11,384.63",,
WCINV14457,31/Dec/2022,PRASANNA PHARMACY-JA-ELA,28,"93,410.25",0.00,0.00,0.00,"93,410.25",,
WCINV14460,31/Dec/2022,CRYSTAL PHARMACY,28,"19,935.28",0.00,0.00,0.00,"19,935.28",,
WCINV14461,31/Dec/2022,KALIDSON PHARMACY,28,"19,940.23",0.00,0.00,0.00,"19,940.23",,
WCINV14463,31/Dec/2022,SETHMA PHARMACY -KANDANA,28,"29,230.80",0.00,0.00,0.00,"29,230.80",,
WCINV14464,31/Dec/2022,SETHMA PHARMACY -KANDANA,28,"30,000.00",0.00,0.00,0.00,"30,000.00",,
WCINV14465,31/Dec/2022,SETHMA PHARMACY -KANDANA,28,"105,974.40",0.00,0.00,0.00,"105,974.40",,
WCINV14466,31/Dec/2022,SETHMA PHARMACY -KANDANA,28,"157,289.00",0.00,0.00,0.00,"155,860.08",,
WCINV14470,31/Dec/2022,SHANTHI PHARMACY,28,"26,783.00",0.00,0.00,0.00,"26,783.00",,
WCINV14471,31/Dec/2022,SHANTHI PHARMACY,28,"57,605.12",0.00,0.00,0.00,"57,605.12",,
WCINV14472,31/Dec/2022,ROSEVILLA PHARMACY-ENDERAMULLA,28,"10,986.31",0.00,0.00,0.00,"10,986.31",,
WCINV14473,31/Dec/2022,DR.M.NIROSHAN PRASANGA (ST.MARY'S MEDICAL CLINIC),28,"196,154.50",0.00,0.00,0.00,"196,154.50",,
WCINV14475,31/Dec/2022,RAGAMA PHARMACY-RAGAMA,28,"69,880.00",0.00,0.00,0.00,"69,880.00",,
WCINV14479,31/Dec/2022,SHANTHI PHARMACY,28,"29,701.00",0.00,0.00,0.00,"29,701.00",,
WCINV14482,31/Dec/2022,DR.R.D.S.S.WICKRAMASINGHE (SLMC REG 20682),28,"27,777.80",0.00,0.00,0.00,"27,777.80",,
WCINV14483,31/Dec/2022,KALIDSON PHARMACY,28,"105,334.00",0.00,0.00,0.00,"103,905.08",,
WCINV14484,31/Dec/2022,THE LANKA PHARMACY,28,"87,863.30",0.00,0.00,0.00,"87,863.30",,
WCINV14490,31/Dec/2022,NEW SRILAK PHARMACY,28,"41,290.59",0.00,0.00,0.00,"23,735.03",,
WCINV14493,02/Jan/2023,MAHAJANA OSUSALA,26,"20,004.90",0.00,0.00,0.00,"20,004.90",,
WCINV14494,02/Jan/2023,SILVER RAY PHARMACY,26,"2,481.28",0.00,0.00,0.00,"2,481.28",,
WCINV14496,02/Jan/2023,HEALTH CARE MEDICALS &GROSERY,26,"3,846.15",0.00,0.00,0.00,"3,846.15",,
WCINV14497,02/Jan/2023,PRASANNA PHARMACY-JA-ELA,26,"62,273.50",0.00,0.00,0.00,"62,273.50",,
WCINV14499,02/Jan/2023,AVE MARIA PHARMACY,26,"9,179.50",0.00,0.00,0.00,"9,179.50",,
WCINV14504,03/Jan/2023,KANDAWALA PHARMACY,25,"10,641.03",0.00,0.00,0.00,"10,641.03",,
WCINV14506,03/Jan/2023,KALIDSON PHARMACY,25,"58,510.58",0.00,0.00,0.00,"58,510.58",,
WCINV14507,03/Jan/2023,KALIDSON PHARMACY,25,"29,101.46",0.00,0.00,0.00,"29,101.46",,
WCINV14508,04/Jan/2023,DR.(MRS) F. BENAZIR S. NALEEM,24,"15,264.10",0.00,0.00,0.00,"15,264.10",,
WCINV14509,04/Jan/2023,SURANGA PHARMACY,24,"10,430.00",0.00,0.00,0.00,"10,430.00",,
WCINV14510,04/Jan/2023,ROYAL LANKA PHARMACY,24,"168,115.00",0.00,0.00,0.00,"168,115.00",,
WCINV14511,04/Jan/2023,NAWA OSUSALA-JA-ELA,24,"1,113.04",0.00,0.00,0.00,"1,113.04",,
WCINV14512,04/Jan/2023,NAWA OSUSALA-JA-ELA,24,"24,295.11",0.00,0.00,0.00,"24,295.11",,
WCINV14513,04/Jan/2023,SILVER RAY PHARMACY,24,"9,871.80",0.00,0.00,0.00,"9,871.80",,
WCINV14515,04/Jan/2023,NEW CENTRAL PHARMACY,24,"20,138.13",0.00,0.00,0.00,"20,138.13",,
WCINV14516,04/Jan/2023,NEW CENTRAL PHARMACY,24,"15,441.16",0.00,0.00,0.00,"15,441.16",,
WCINV14519,04/Jan/2023,NAWALOKA HOSPITAL,24,"9,743.60",0.00,0.00,0.00,"9,743.60",,
WCINV14520,04/Jan/2023,DR.M.NIROSHAN PRASANGA (ST.MARY'S MEDICAL CLINIC),24,"179,676.00",0.00,0.00,0.00,"179,676.00",,
WCINV14521,04/Jan/2023,DR.M.NIROSHAN PRASANGA (ST.MARY'S MEDICAL CLINIC),24,"210,900.00",0.00,0.00,0.00,"210,900.00",,
WCINV14522,04/Jan/2023,DR.MANJULA THUSHARA,24,"36,406.00",0.00,0.00,0.00,"36,406.00",,
WCINV14523,04/Jan/2023,WELL CARE PHARMACY,24,"4,311.00",0.00,0.00,0.00,"4,311.00",,
WCINV14524,04/Jan/2023,WELL CARE PHARMACY,24,"109,512.38",0.00,0.00,0.00,"109,512.38",,
WCINV14527,05/Jan/2023,AVE MARIA PHARMACY,23,"6,102.56",0.00,0.00,0.00,"6,102.56",,
WCINV14530,05/Jan/2023,JAYAMAHA SUPER PHARMACY,23,"4,615.40",0.00,0.00,0.00,"4,615.40",,
WCINV14531,05/Jan/2023,NEW SUPER MEDICAL,23,"10,260.00",0.00,0.00,0.00,"10,260.00",,
WCINV14536,05/Jan/2023,SEEDUWA MEDICAL -SEEDUWA,23,"8,923.08",0.00,0.00,0.00,"8,923.08",,
WCINV14538,05/Jan/2023,NAWALOKA HOSPITAL,23,"31,833.66",0.00,0.00,0.00,"17,771.78",,
WCINV14539,05/Jan/2023,NAWALOKA HOSPITAL,23,"139,094.20",0.00,0.00,0.00,"139,094.20",,
WCINV14540,05/Jan/2023,SASITHMA PHARMACY,23,"16,239.30",0.00,0.00,0.00,"16,239.30",,
WCINV14542,07/Jan/2023,PRASANNA PHARMACY-JA-ELA,21,"96,025.64",0.00,0.00,0.00,"96,025.64",,
WCINV14543,07/Jan/2023,DR.HARSHA GUNASEKARA,21,"154,819.00",0.00,0.00,0.00,"154,819.00",,
WCINV14548,07/Jan/2023,"ST""JOSAP PHARMACY-JA-ELA",21,"19,230.80",0.00,0.00,0.00,"19,230.80",,
WCINV14549,09/Jan/2023,THE LANKA PHARMACY,19,"96,346.57",0.00,0.00,0.00,"96,346.57",,
WCINV14550,09/Jan/2023,SAMPATH PHARMACY-RAGAMA,19,"12,860.31",0.00,0.00,0.00,"12,860.31",,
WCINV14553,09/Jan/2023,NEW PHARMACY-WATTALA,19,"33,137.56",0.00,0.00,0.00,"33,137.56",,
WCINV14556,09/Jan/2023,LAKSHAN CHEMIST-MABOLA,19,"7,769.24",0.00,0.00,0.00,"7,769.24",,
WCINV14557,09/Jan/2023,THE LANKA PHARMACY,19,"14,963.00",0.00,0.00,0.00,"14,963.00",,
WCINV14559,09/Jan/2023,SILVER RAY PHARMACY,19,"8,695.00",0.00,0.00,0.00,"8,695.00",,
WCINV14560,09/Jan/2023,NEW JAYA LANKA PHARMACY,19,"3,948.72",0.00,0.00,0.00,"3,948.72",,
WCINV14561,09/Jan/2023,RELIABLE PHARMACY-MAHABAGE,19,"83,499.94",0.00,0.00,0.00,"83,499.94",,
WCINV14562,09/Jan/2023,DR. GAYA MANAMPERI,19,"52,150.00",0.00,0.00,0.00,"52,150.00",,
WCINV14563,09/Jan/2023,RELIABLE PHARMACY-MAHABAGE,19,"45,911.16",0.00,0.00,0.00,"45,911.16",,
WCINV14564,09/Jan/2023,DR.N.NILANGA WANIGAPURA (REG 17397),19,"69,125.00",0.00,0.00,0.00,"69,125.00",,
WCINV14565,09/Jan/2023,DR.NIMAL SOVIS,19,"331,237.00",0.00,0.00,0.00,"331,237.00",,
WCINV14567,09/Jan/2023,PAMUNUGAMA PHARMACY,19,"79,635.86",0.00,0.00,0.00,"54,099.86",,
WCINV14568,09/Jan/2023,ST `JOSEPH`S PHARMACY-BOPITIYA,19,"29,934.96",0.00,0.00,0.00,"28,934.96",,
WCINV14569,09/Jan/2023,ST `JOSEPH`S PHARMACY-BOPITIYA,19,"13,390.22",0.00,0.00,0.00,"5,051.64",,
WCINV14570,09/Jan/2023,BOPITIYA PHARMACY,19,"52,305.46",0.00,0.00,0.00,"52,305.46",,
WCINV14571,09/Jan/2023,PAMUNUGAMA PHARMACY,19,"33,923.80",0.00,0.00,0.00,"33,923.80",,
WCINV14572,09/Jan/2023,BOPITIYA PHARMACY,19,"26,836.86",0.00,0.00,0.00,"26,836.86",,
WCINV14574,09/Jan/2023,THILINA PHARMACY-EKALA,19,"4,685.00",0.00,0.00,0.00,"4,685.00",,
WCINV14576,09/Jan/2023,THILINA PHARMACY-EKALA,19,"14,414.51",0.00,0.00,0.00,"14,414.51",,
WCINV14580,09/Jan/2023,DR.PRASANJAYA PROMODITH,19,"32,815.00",0.00,0.00,0.00,"32,815.00",,
WCINV14581,09/Jan/2023,DR.C.D.WICKRAMARACHCHI,19,"17,481.44",0.00,0.00,0.00,"17,481.44",,
WCINV14582,09/Jan/2023,DR.C.D.WICKRAMARACHCHI,19,"3,324.79",0.00,0.00,0.00,"1,401.71",,
WCINV14583,09/Jan/2023,DR VIRAJ PERAMUNA,19,"139,884.00",0.00,0.00,0.00,"139,884.00",,
WCINV14584,09/Jan/2023,DR.KANDAIYA JAYALINGAM,19,"33,653.40",0.00,0.00,0.00,"33,653.40",,
WCINV14585,09/Jan/2023,SEEDUWA MEDICAL -SEEDUWA,19,"5,130.00",0.00,0.00,0.00,"5,130.00",,
WCINV14587,10/Jan/2023,ROSEVILLA PHARMACY-ENDERAMULLA,18,"10,470.10",0.00,0.00,0.00,"8,420.10",,
WCINV14588,10/Jan/2023,DR.W.M.PARAKRAMA WARNASURIYA,18,"9,180.00",0.00,0.00,0.00,"9,180.00",,
WCINV14589,10/Jan/2023,MELSTA HOSPITALS,18,"45,205.10",0.00,0.00,0.00,"45,205.10",,
WCINV14590,10/Jan/2023,MELSTA HOSPITALS,18,"134,427.72",0.00,0.00,0.00,"134,427.72",,
WCINV14594,10/Jan/2023,SEEDUWA MEDICAL -SEEDUWA,18,"9,692.32",0.00,0.00,0.00,"9,692.32",,
WCINV14595,10/Jan/2023,ASOKA PHARMACY,18,"8,119.65",0.00,0.00,0.00,"8,119.65",,
WCINV14596,10/Jan/2023,EKALA PHARMACY-EKALA,18,"26,085.00",0.00,0.00,0.00,"26,085.00",,
WCINV14597,10/Jan/2023,EKALA PHARMACY-EKALA,18,"18,022.44",0.00,0.00,0.00,"18,022.44",,
WCINV14598,10/Jan/2023,PRASANNA PHARMACY-JA-ELA,18,"30,897.45",0.00,0.00,0.00,"30,897.45",,
WCINV14599,10/Jan/2023,EKALA PHARMACY-EKALA,18,"10,703.10",0.00,0.00,0.00,"10,703.10",,
WCINV14601,10/Jan/2023,ST.ANTHONY'S PHARMACY,18,"22,928.68",0.00,0.00,0.00,"22,928.68",,
WCINV14602,10/Jan/2023,SAHANA OSUSALA -RAGAMA,18,"7,179.50",0.00,0.00,0.00,"7,179.50",,
WCINV14603,10/Jan/2023,HEALTH & GLOW PHARMACY,18,"46,271.41",0.00,0.00,0.00,"46,271.41",,
WCINV14604,11/Jan/2023,HEALTH & GLOW PHARMACY,17,"8,051.28",0.00,0.00,0.00,"8,051.28",,
WCINV14605,11/Jan/2023,HENDALA MEDICAL,17,"7,691.01",0.00,0.00,0.00,"7,691.01",,
WCINV14606,11/Jan/2023,HENDALA MEDICAL,17,"24,992.39",0.00,0.00,0.00,"24,579.39",,
WCINV14607,11/Jan/2023,NEW CENTRAL PHARMACY,17,"30,000.00",0.00,0.00,0.00,"30,000.00",,
WCINV14608,11/Jan/2023,AVE MARIA PHARMACY,17,"5,392.20",0.00,0.00,0.00,"5,392.20",,
WCINV14609,11/Jan/2023,AVE MARIA PHARMACY,17,"19,743.60",0.00,0.00,0.00,"19,743.60",,
WCINV14611,11/Jan/2023,DIVYA PHARMACY,17,"14,550.00",0.00,0.00,0.00,"14,550.00",,
WCINV14612,11/Jan/2023,DIVYA PHARMACY,17,"9,615.40",0.00,0.00,0.00,"9,615.40",,
WCINV14613,11/Jan/2023,ST.ANTHONY'S PHARMACY,17,"12,696.50",0.00,0.00,0.00,"12,696.50",,
WCINV14616,11/Jan/2023,SASITHMA PHARMACY,17,"31,973.60",0.00,0.00,0.00,"31,973.60",,
WCINV14617,11/Jan/2023,C & D PHARMACY-WELIGAMPITIYA,17,"9,367.53",0.00,0.00,0.00,"9,367.53",,
WCINV14619,11/Jan/2023,HANSI PHARMACY-KAPUWATHTHA,17,"4,871.79",0.00,0.00,0.00,"4,871.79",,
WCINV14620,11/Jan/2023,HANSI PHARMACY-KAPUWATHTHA,17,"1,043.00",0.00,0.00,0.00,"1,043.00",,
WCINV14622,11/Jan/2023,DIVYA PHARMACY,17,"8,134.33",0.00,0.00,0.00,"8,134.33",,
WCINV14626,11/Jan/2023,WIJAYAMINI OSUSALA,17,"14,230.22",0.00,0.00,0.00,"14,230.22",,
WCINV14627,11/Jan/2023,DUNAGAHA OSUSALA,17,"2,871.80",0.00,0.00,0.00,"2,871.80",,
WCINV14628,11/Jan/2023,M.P.C.S.OSUSALA,17,"25,211.50",0.00,0.00,0.00,"25,211.50",,
WCINV14629,11/Jan/2023,M.P.C.S.OSUSALA,17,"40,774.44",0.00,0.00,0.00,"39,620.59",,
WCINV14630,11/Jan/2023,SUWASETHA PHARMACY,17,"16,110.08",0.00,0.00,0.00,"16,110.08",,
WCINV14631,11/Jan/2023,RAGAMA PHARMACY  - SEEDUWA,17,"2,667.32",0.00,0.00,0.00,"2,667.32",,
WCINV14632,11/Jan/2023,ROSHINI PHARMACY-DADUGAMA,17,"3,247.86",0.00,0.00,0.00,"3,247.86",,
WCINV14633,12/Jan/2023,CO OP OSUSALA,16,"15,000.00",0.00,0.00,0.00,"15,000.00",,
WCINV14634,12/Jan/2023,VIDUSHA PHARMACY AND GROCERY,16,"3,547.01",0.00,0.00,0.00,"3,547.01",,
WCINV14635,12/Jan/2023,SURANGA PHARMACY,16,"43,475.00",0.00,0.00,0.00,"43,475.00",,
WCINV14636,12/Jan/2023,VIDUSHA PHARMACY AND GROCERY,16,"14,680.20",0.00,0.00,0.00,"14,680.20",,
WCINV14637,12/Jan/2023,NEW PHARMACY,16,"15,217.00",0.00,0.00,0.00,"15,217.00",,
WCINV14638,12/Jan/2023,PRASANNA PHARMACY-JA-ELA,16,"62,273.50",0.00,0.00,0.00,"62,273.50",,
WCINV14639,12/Jan/2023,DAGONNA PHARMACY AND GROCERY,16,"35,623.82",0.00,0.00,0.00,"35,623.82",,
WCINV14640,12/Jan/2023,SURANGA PHARMACY,16,"9,832.90",0.00,0.00,0.00,"9,832.90",,
WCINV14641,12/Jan/2023,ROOTH PHARMACY,16,"9,119.66",0.00,0.00,0.00,"9,119.66",,
WCINV14642,12/Jan/2023,UNION CHEMIST -WATTALA,16,"42,735.00",0.00,0.00,0.00,"42,735.00",,
WCINV14643,12/Jan/2023,SEEDUWA MEDICAL -SEEDUWA,16,"20,860.00",0.00,0.00,0.00,"3,129.00",,
WCINV14647,12/Jan/2023,HEALTH & GLOW PHARMACY,16,"13,672.00",0.00,0.00,0.00,"13,672.00",,
WCINV14648,12/Jan/2023,DR.CHINTHAKA RATHNAYAKA - WATTALA,16,"86,950.00",0.00,0.00,0.00,"86,950.00",,
WCINV14649,12/Jan/2023,Dr.B.Saliya (Medicare Dispensary),16,"213,040.00",0.00,0.00,0.00,"213,040.00",,
WCINV14650,12/Jan/2023,OSILKA PHARMACY-MINUWANGODA,16,"3,337.00",0.00,0.00,0.00,"3,337.00",,
WCINV14651,12/Jan/2023,Dr.P.M.I.FAREED,16,"11,820.00",0.00,0.00,0.00,"11,820.00",,
WCINV14652,12/Jan/2023,DR.R.D.S.S.WICKRAMASINGHE (SLMC REG 20682),16,"78,200.00",0.00,0.00,0.00,"78,200.00",,
WCINV14653,12/Jan/2023,OSILKA PHARMACY-MINUWANGODA,16,"5,769.24",0.00,0.00,0.00,"5,769.24",,
WCINV14657,12/Jan/2023,DAGONNA PHARMACY AND GROCERY,16,"340,640.00",0.00,0.00,0.00,"340,640.00",,
WCINV14658,12/Jan/2023,MADURI PHARMACY,16,"14,021.64",0.00,0.00,0.00,"14,021.64",,
WCINV14659,12/Jan/2023,MADURI PHARMACY,16,"11,376.08",0.00,0.00,0.00,"11,376.08",,
WCINV14661,12/Jan/2023,PEOPLES PHARMACY-MINUWANGODA,16,"16,863.25",0.00,0.00,0.00,"16,863.25",,
WCINV14663,12/Jan/2023,ROOTH PHARMACY,16,"19,824.50",0.00,0.00,0.00,"19,824.50",,
WCINV14664,12/Jan/2023,ROOTH PHARMACY,16,"16,607.64",0.00,0.00,0.00,"16,607.64",,
WCINV14665,12/Jan/2023,SURANGA PHARMACY,16,"18,159.20",0.00,0.00,0.00,"18,159.20",,
WCINV14666,12/Jan/2023,DUNAGAHA OSUSALA,16,"11,730.00",0.00,0.00,0.00,"11,730.00",,
WCINV14667,12/Jan/2023,M.P.C.S.OSUSALA,16,"7,808.22",0.00,0.00,0.00,"7,808.22",,
WCINV14668,12/Jan/2023,DIVYA PHARMACY,16,"31,782.00",0.00,0.00,0.00,"31,782.00",,
WCINV14669,12/Jan/2023,DR.CHINTHAKA RATHNAYAKA - WATTALA,16,"66,348.00",0.00,0.00,0.00,"66,348.00",,
WCINV14670,12/Jan/2023,RELIABLE PHARMACY-MAHABAGE,16,"35,649.00",0.00,0.00,0.00,"35,649.00",,
WCINV14673,12/Jan/2023,DR.S.PRIYAL MARTINUS (REG 11493),16,"103,910.50",0.00,0.00,0.00,"103,910.50",,
WCINV14675,12/Jan/2023,DR HASITH FERNANDO,16,"95,618.00",0.00,0.00,0.00,"95,618.00",,
WCINV14678,12/Jan/2023,DR.CLEMENT PERERA,16,"317,822.00",0.00,0.00,0.00,"317,822.00",,
WCINV14679,12/Jan/2023,DR VIRAJ PERAMUNA,16,"12,174.00",0.00,0.00,0.00,"12,174.00",,
WCINV14680,12/Jan/2023,DR.NIMAL SOVIS,16,"157,872.50",0.00,0.00,0.00,"157,872.50",,
WCINV14681,13/Jan/2023,WIJAYAMINI OSUSALA,15,"6,000.00",0.00,0.00,0.00,"6,000.00",,
WCINV14682,13/Jan/2023,WIJAYAMINI OSUSALA,15,"28,938.20",0.00,0.00,0.00,"28,938.20",,
WCINV14683,13/Jan/2023,D&D PHARMACY,15,"13,079.69",0.00,0.00,0.00,"13,079.69",,
WCINV14684,13/Jan/2023,PEOPLES PHARMACY-MINUWANGODA,15,"13,520.50",0.00,0.00,0.00,"13,520.50",,
WCINV14687,13/Jan/2023,HEALTH & GLOW PHARMACY,15,"22,912.00",0.00,0.00,0.00,"22,912.00",,
WCINV14691,13/Jan/2023,DR.SHANTHA WIJESINGHA,15,"121,740.00",0.00,0.00,0.00,"121,740.00",,
WCINV14693,13/Jan/2023,NEW SRILAK PHARMACY,15,"19,550.00",0.00,0.00,0.00,"19,550.00",,
WCINV14695,13/Jan/2023,M.U.M.SHAFWAN,15,"233,688.80",0.00,0.00,0.00,"233,688.80",,
WCINV14697,13/Jan/2023,NAWA OSUSALA-JA-ELA,15,"5,982.90",0.00,0.00,0.00,"5,982.90",,
WCINV14700,13/Jan/2023,RILAULLA PHARMACY-RILLAULLA,15,"83,581.90",0.00,0.00,0.00,"83,581.90",,
WCINV14701,13/Jan/2023,SEEDUWA MEDICAL -SEEDUWA,15,"59,360.00",0.00,0.00,0.00,"59,360.00",,
WCINV14704,13/Jan/2023,RILAULLA PHARMACY-RILLAULLA,15,"43,475.00",0.00,0.00,0.00,"43,475.00",,
WCINV14706,13/Jan/2023,NAWA OSUSALA-JA-ELA,15,"13,858.46",0.00,0.00,0.00,"13,858.46",,
WCINV14710,13/Jan/2023,BOPITIYA PHARMACY,15,"4,782.00",0.00,0.00,0.00,"4,782.00",,
WCINV14711,13/Jan/2023,PAMUNUGAMA PHARMACY,15,"9,564.00",0.00,0.00,0.00,"9,564.00",,
WCINV14712,13/Jan/2023,ST `JUDE PHARMACY-JA-ELA,15,"16,956.00",0.00,0.00,0.00,"16,956.00",,
WCINV14713,13/Jan/2023,ST' MARY'S PHARMACY AND GROCERY,15,"22,615.38",0.00,0.00,0.00,"22,615.38",,
WCINV14714,13/Jan/2023,NIROGA PHARMACY,15,"8,734.17",0.00,0.00,0.00,"8,734.17",,
WCINV14715,13/Jan/2023,SURANGA PHARMACY,15,"2,768.64",0.00,0.00,0.00,"2,768.64",,
WCINV14716,13/Jan/2023,LIFE PHARMACY & GROCERY,15,"2,350.43",0.00,0.00,0.00,"2,350.43",,
WCINV14717,13/Jan/2023,LIFE PHARMACY & GROCERY,15,"2,264.97",0.00,0.00,0.00,"2,264.97",,
WCINV14718,13/Jan/2023,"ST""JOSAP PHARMACY-JA-ELA",15,"31,730.00",0.00,0.00,0.00,"31,730.00",,
WCINV14719,13/Jan/2023,ST' MARY'S PHARMACY AND GROCERY,15,"94,435.00",0.00,0.00,0.00,"94,435.00",,
WCINV14720,13/Jan/2023,NEW SUPER MEDICAL,15,"30,434.00",0.00,0.00,0.00,"30,434.00",,
WCINV14721,13/Jan/2023,SURANGA PHARMACY,15,"22,173.00",0.00,0.00,0.00,"22,173.00",,
WCINV14722,13/Jan/2023,NIROGA PHARMACY,15,"9,335.13",0.00,0.00,0.00,"9,335.13",,
WCINV14723,13/Jan/2023,DR S SHANMUGANADAN,15,"39,100.00",0.00,0.00,0.00,"39,100.00",,
WCINV14724,13/Jan/2023,DAGONNA PHARMACY AND GROCERY,15,"6,038.46",0.00,0.00,0.00,"6,038.46",,
WCINV14725,13/Jan/2023,J&J PHARMACY,15,"3,948.72",0.00,0.00,0.00,"3,948.72",,
WCINV14726,13/Jan/2023,SUWASETHA PHAMACY,15,"16,277.37",0.00,0.00,0.00,"16,277.37",,
WCINV14727,13/Jan/2023,RASUL PHARMACY 02,15,"22,282.00",0.00,0.00,0.00,"22,282.00",,
WCINV14728,13/Jan/2023,CITY MEDICALS,15,"58,556.85",0.00,0.00,0.00,"56,312.79",,
WCINV14729,13/Jan/2023,CITY MEDICALS,15,"42,498.24",0.00,0.00,0.00,"42,498.24",,
WCINV14730,13/Jan/2023,DR.ROSHITHA DE SILVA,15,"1,919.00",0.00,0.00,0.00,146.00,,
WCINV14732,14/Jan/2023,ASOKA PHARMACY,14,"11,730.00",0.00,0.00,0.00,"11,730.00",,
WCINV14734,14/Jan/2023,AVE MARIA PHARMACY,14,"11,730.00",0.00,0.00,0.00,"11,730.00",,
WCINV14737,14/Jan/2023,SAHANA OSUSALA -RAGAMA,14,"9,000.00",0.00,0.00,0.00,"9,000.00",,
WCINV14738,14/Jan/2023,I.I.H.S PHARMACY,14,"5,601.82",0.00,0.00,0.00,"5,010.82",,
WCINV14739,14/Jan/2023,NEW CITY PHARMACY-RAGAMA,14,"1,764.00",0.00,0.00,0.00,"1,764.00",,
WCINV14740,14/Jan/2023,SAHANA OSUSALA -RAGAMA,14,"20,309.00",0.00,0.00,0.00,"20,309.00",,
WCINV14741,14/Jan/2023,LEESONS HOSPITAL,14,"180,960.75",0.00,0.00,0.00,"180,960.75",,
WCINV14742,14/Jan/2023,I.I.H.S PHARMACY,14,"46,704.40",0.00,0.00,0.00,"46,704.40",,
WCINV14744,14/Jan/2023,LEESONS HOSPITAL,14,"213,276.50",0.00,0.00,0.00,"213,276.50",,
WCINV14745,14/Jan/2023,SAHANA OSUSALA -RAGAMA,14,"26,073.42",0.00,0.00,0.00,"26,073.42",,
WCINV14746,14/Jan/2023,NEW CITY PHARMACY-RAGAMA,14,"17,424.14",0.00,0.00,0.00,"17,424.14",,
WCINV14747,14/Jan/2023,V.M.PHARMACY,14,"1,923.08",0.00,0.00,0.00,"1,923.08",,
WCINV14748,14/Jan/2023,V.M.PHARMACY,14,"20,734.50",0.00,0.00,0.00,"20,734.50",,
WCINV14749,16/Jan/2023,UNION PHARMACY AND GROCERY,12,"20,309.00",0.00,0.00,0.00,"20,309.00",,
WCINV14750,16/Jan/2023,UNION PHARMACY AND GROCERY,12,"5,555.56",0.00,0.00,0.00,"5,555.56",,
WCINV14751,16/Jan/2023,NEW PHARMACY,12,"2,923.08",0.00,0.00,0.00,"2,923.08",,
WCINV14754,16/Jan/2023,LAKSHI PHARMACY,12,"33,925.90",0.00,0.00,0.00,"33,925.90",,
WCINV14760,16/Jan/2023,NEW PHARMACY,12,"11,730.00",0.00,0.00,0.00,"11,730.00",,
WCINV14762,16/Jan/2023,LAKSHI PHARMACY,12,"64,085.52",0.00,0.00,0.00,"63,354.52",,
WCINV14764,16/Jan/2023,S&G PHARMACY,12,"10,430.00",0.00,0.00,0.00,"10,430.00",,
WCINV14767,16/Jan/2023,K.S.A.MEDICAL,12,"11,730.00",0.00,0.00,0.00,"11,730.00",,
WCINV14768,16/Jan/2023,SARANA OSUSALA,12,"34,949.66",0.00,0.00,0.00,"34,949.66",,
WCINV14769,16/Jan/2023,SARANA OSUSALA,12,"14,116.17",0.00,0.00,0.00,"12,141.81",,
WCINV14770,16/Jan/2023,DR.M.S.MOHAMED ZIYARD,12,"21,000.00",0.00,0.00,0.00,"21,000.00",,
WCINV14771,16/Jan/2023,Arogya Pharmacy,12,"19,476.00",0.00,0.00,0.00,"19,476.00",,
WCINV14773,16/Jan/2023,"ST""JOSAP PHARMACY-JA-ELA",12,"42,034.20",0.00,0.00,0.00,"16,239.30",,
WCINV14775,16/Jan/2023,TRUE CARE PHARMACY,12,"7,897.44",0.00,0.00,0.00,"7,897.44",,
WCINV14777,16/Jan/2023,SEEDUWA MEDICAL -SEEDUWA,12,"5,769.25",0.00,0.00,0.00,"5,769.25",,
WCINV14778,16/Jan/2023,SRI LAK PHARMACY,12,"28,786.41",0.00,0.00,0.00,"28,786.41",,
WCINV14779,16/Jan/2023,ST MARY'S PHARMACY,12,"19,153.86",0.00,0.00,0.00,"19,153.86",,
WCINV14784,16/Jan/2023,ST:JOSAP   PHARMACY-AMANDOLUWA,12,"67,641.95",0.00,0.00,0.00,"67,641.95",,
WCINV14785,16/Jan/2023,ST:JOSAP   PHARMACY-AMANDOLUWA,12,"209,245.00",0.00,0.00,0.00,"209,245.00",,
WCINV14789,16/Jan/2023,SEEDUWA MEDICAL -SEEDUWA,12,"58,105.05",0.00,0.00,0.00,"58,105.05",,
WCINV14790,16/Jan/2023,DR.SHANTHA WIJESINGHA,12,"21,367.50",0.00,0.00,0.00,"21,367.50",,
WCINV14791,17/Jan/2023,KALIDSON PHARMACY,11,"94,219.15",0.00,0.00,0.00,"94,219.15",,
WCINV14793,17/Jan/2023,MIHINSA PHARMACY,11,"63,389.50",0.00,0.00,0.00,"63,389.50",,
WCINV14794,17/Jan/2023,DR.M.S.MOHAMED ZIYARD,11,"31,304.00",0.00,0.00,0.00,"31,304.00",,
WCINV14796,17/Jan/2023,SEEDUWA MEDICAL -SEEDUWA,11,"18,919.71",0.00,0.00,0.00,"18,919.71",,
WCINV14797,17/Jan/2023,HEALTH CARE MEDICALS &GROSERY,11,"2,136.75",0.00,0.00,0.00,"2,136.75",,
WCINV14798,17/Jan/2023,SUWASALA PHARMACY,11,"27,544.50",0.00,0.00,0.00,"27,544.50",,
WCINV14799,17/Jan/2023,SUWASALA PHARMACY,11,"35,470.08",0.00,0.00,0.00,"35,470.08",,
WCINV14800,17/Jan/2023,HEALTH CARE MEDICALS &GROSERY,11,"4,656.51",0.00,0.00,0.00,"4,656.51",,
WCINV14801,17/Jan/2023,RAGAMA PHARMACY  - SEEDUWA,11,"8,119.65",0.00,0.00,0.00,"8,119.65",,
WCINV14802,17/Jan/2023,RAGAMA PHARMACY  - SEEDUWA,11,"16,580.66",0.00,0.00,0.00,"16,580.66",,
WCINV14803,17/Jan/2023,SETHMA PHARMACY -KANDANA,11,"41,238.28",0.00,0.00,0.00,"41,238.28",,
WCINV14804,17/Jan/2023,DR.(MRS) F. BENAZIR S. NALEEM,11,"27,804.00",0.00,0.00,0.00,"27,804.00",,
WCINV14805,17/Jan/2023,THENUKA PHARMACY,11,"26,122.54",0.00,0.00,0.00,"26,122.54",,
WCINV14806,17/Jan/2023,THENUKA PHARMACY,11,"25,044.63",0.00,0.00,0.00,"25,044.63",,
WCINV14808,17/Jan/2023,Dr.Ruwinda Abeyrathna,11,"11,730.00",0.00,0.00,0.00,"11,730.00",,
WCINV14809,17/Jan/2023,SURANGA PHARMACY,11,"4,762.00",0.00,0.00,0.00,"4,762.00",,
WCINV14810,17/Jan/2023,KANDAWALA PHARMACY,11,"6,086.00",0.00,0.00,0.00,"6,086.00",,
WCINV14813,17/Jan/2023,NEW CITY PHARMACY-RAGAMA,11,"2,565.00",0.00,0.00,0.00,"2,565.00",,
WCINV14818,17/Jan/2023,LAKSHAN CHEMIST-MABOLA,11,"8,695.00",0.00,0.00,0.00,"8,695.00",,
WCINV14819,17/Jan/2023,LAKSHAN CHEMIST-MABOLA,11,"18,837.63",0.00,0.00,0.00,"8,594.38",,
WCINV14821,17/Jan/2023,THE LANKA PHARMACY,11,"39,487.20",0.00,0.00,0.00,"39,487.20",,
WCINV14822,17/Jan/2023,SAMPATH PHARMACY-RAGAMA,11,"25,650.00",0.00,0.00,0.00,"25,650.00",,
WCINV14823,17/Jan/2023,JAISARA PHARMACY-WATTALA,11,"3,347.50",0.00,0.00,0.00,"3,347.50",,
WCINV14824,17/Jan/2023,SHANTHI PHARMACY,11,"59,230.80",0.00,0.00,0.00,"59,230.80",,
WCINV14825,17/Jan/2023,SHANTHI PHARMACY,11,"60,000.00",0.00,0.00,0.00,"60,000.00",,
WCINV14827,17/Jan/2023,SRI LAK PHARMACY,11,"29,898.97",0.00,0.00,0.00,"29,898.97",,
WCINV14828,18/Jan/2023,RELIABLE PHARMACY-MAHABAGE,10,"6,871.80",0.00,0.00,0.00,"6,871.80",,
WCINV14830,18/Jan/2023,RELIABLE PHARMACY-MAHABAGE,10,"15,652.00",0.00,0.00,0.00,"15,652.00",,
WCINV14832,18/Jan/2023,UNION CHEMIST -WATTALA,10,"30,000.00",0.00,0.00,0.00,"30,000.00",,
WCINV14833,18/Jan/2023,UNION CHEMIST -WATTALA,10,"28,238.28",0.00,0.00,0.00,"28,238.28",,
WCINV14834,18/Jan/2023,UNION CHEMIST -WATTALA,10,"28,865.00",0.00,0.00,0.00,"28,865.00",,
WCINV14835,18/Jan/2023,SILVER RAY PHARMACY,10,"9,871.80",0.00,0.00,0.00,"9,871.80",,
WCINV14836,18/Jan/2023,Panacea Pharmacy,10,"5,909.89",0.00,0.00,0.00,"5,909.89",,
WCINV14837,18/Jan/2023,SEEDUWA MEDICAL -SEEDUWA,10,"4,307.70",0.00,0.00,0.00,"4,307.70",,
WCINV14838,18/Jan/2023,GIMSHANI PHARMAY-KANDANA,10,"12,376.08",0.00,0.00,0.00,"12,376.08",,
WCINV14839,18/Jan/2023,GIMSHANI PHARMAY-KANDANA,10,"7,672.00",0.00,0.00,0.00,"7,672.00",,
WCINV14840,18/Jan/2023,Panacea Pharmacy,10,"7,521.00",0.00,0.00,0.00,"7,521.00",,
WCINV14841,18/Jan/2023,DAGONNA PHARMACY AND GROCERY,10,"4,177.82",0.00,0.00,0.00,"4,177.82",,
WCINV14842,18/Jan/2023,DAGONNA PHARMACY AND GROCERY,10,"39,983.92",0.00,0.00,0.00,"39,983.92",,
WCINV14843,18/Jan/2023,DR.SAMAN FERNANDO,10,"26,410.30",0.00,0.00,0.00,"26,410.30",,
WCINV14844,18/Jan/2023,JAYANTHI PHARMACY,10,"3,582.30",0.00,0.00,0.00,"3,582.30",,
WCINV14845,18/Jan/2023,JAYANTHI PHARMACY,10,"16,918.44",0.00,0.00,0.00,"13,209.88",,
WCINV14847,18/Jan/2023,THE LANKA PHARMACY,10,"31,859.14",0.00,0.00,0.00,"31,859.14",,
WCINV14848,18/Jan/2023,THE LANKA PHARMACY,10,"145,229.85",0.00,0.00,0.00,"145,229.85",,
WCINV14849,18/Jan/2023,DR THILINA LIYANAGE,10,"13,738.50",0.00,0.00,0.00,"11,738.50",,
WCINV14851,18/Jan/2023,LAKSIRI PHARMACY- KATUNAYAKA,10,"54,233.07",0.00,0.00,0.00,"53,708.91",,
WCINV14852,18/Jan/2023,ASIRI PHARMAY -RADDOLUGAMA,10,"25,324.80",0.00,0.00,0.00,"25,324.80",,
WCINV14853,18/Jan/2023,ASIRI PHARMAY -RADDOLUGAMA,10,"12,549.30",0.00,0.00,0.00,"12,549.30",,
WCINV14854,18/Jan/2023,LEO PHARMACY,10,"31,564.50",0.00,0.00,0.00,"31,564.50",,
WCINV14855,18/Jan/2023,THE PHARMACY-JA-ELA,10,"19,223.00",0.00,0.00,0.00,"15,150.88",,
WCINV14856,18/Jan/2023,EKALA PHARMACY-EKALA,10,"1,773.00",0.00,0.00,0.00,"1,773.00",,
WCINV14857,19/Jan/2023,JAYAKODY PHARMACY,9,"6,087.00",0.00,0.00,0.00,"6,087.00",,
WCINV14858,19/Jan/2023,SUPREME PHARMACY,9,"12,794.88",0.00,0.00,0.00,"12,794.88",,
WCINV14859,19/Jan/2023,AVE MARIA PHARMACY,9,"5,910.00",0.00,0.00,0.00,"5,910.00",,
WCINV14860,19/Jan/2023,PAMUNUGAMA PHARMACY,9,"38,304.00",0.00,0.00,0.00,"38,304.00",,
WCINV14861,19/Jan/2023,NAWA OSUSALA-JA-ELA,9,"11,127.00",0.00,0.00,0.00,"11,127.00",,
WCINV14862,19/Jan/2023,RAGAMA PHARMACY  - SEEDUWA,9,"13,176.30",0.00,0.00,0.00,"10,355.79",,
WCINV14863,19/Jan/2023,RAGAMA PHARMACY  - SEEDUWA,9,"6,178.76",0.00,0.00,0.00,"6,178.76",,
WCINV14864,19/Jan/2023,RAGAMA PHARMACY  - SEEDUWA,9,"60,000.00",0.00,0.00,0.00,"60,000.00",,
WCINV14865,19/Jan/2023,"ST""JOSAP PHARMACY-JA-ELA",9,"5,910.00",0.00,0.00,0.00,"5,910.00",,
WCINV14866,19/Jan/2023,AVE MARIA PHARMACY,9,"4,307.70",0.00,0.00,0.00,"4,307.70",,
WCINV14868,19/Jan/2023,SRI LAK PHARMACY,9,"17,839.90",0.00,0.00,0.00,"17,839.90",,
WCINV14870,19/Jan/2023,RELIANCE PHARMACY,9,"20,691.23",0.00,0.00,0.00,"20,691.23",,
WCINV14871,19/Jan/2023,RELIANCE PHARMACY,9,"4,233.28",0.00,0.00,0.00,"3,051.28",,
WCINV14873,19/Jan/2023,DR.M.S.MOHAMED ZIYARD,9,"36,170.00",0.00,0.00,0.00,"36,170.00",,
WCINV14874,19/Jan/2023,DR.SHANTHA WIJESINGHA,9,"72,340.00",0.00,0.00,0.00,"72,340.00",,
WCINV14875,19/Jan/2023,DAGONNA PHARMACY AND GROCERY,9,"72,340.00",0.00,0.00,0.00,"72,340.00",,
WCINV14876,19/Jan/2023,DR.S.R.FRENANDO,9,"176,267.50",0.00,0.00,0.00,"176,267.50",,
WCINV14877,19/Jan/2023,DR.NIMAL SOVIS,9,"73,040.00",0.00,0.00,0.00,"73,040.00",,
WCINV14878,19/Jan/2023,AVE MARIA PHARMACY,9,"17,820.60",0.00,0.00,0.00,"17,820.60",,
WCINV14879,19/Jan/2023,DR.H.R.FRENANDO  (ST.SEBASTIAN  CLINIC),9,"18,085.00",0.00,0.00,0.00,"18,085.00",,
WCINV14881,19/Jan/2023,NEGOMBO DRUGS,9,"26,032.68",0.00,0.00,0.00,"26,032.68",,
WCINV14882,19/Jan/2023,SHANTHI PHARMACY,9,"45,896.22",0.00,0.00,0.00,"45,896.22",,
WCINV14883,19/Jan/2023,THALAHENA PHARMACY,9,"13,572.66",0.00,0.00,0.00,"13,572.66",,
WCINV14884,19/Jan/2023,NEGOMBO DRUGS,9,"16,975.82",0.00,0.00,0.00,"16,975.82",,
WCINV14885,19/Jan/2023,NEW CENTRAL PHARMACY,9,"21,282.08",0.00,0.00,0.00,"21,282.08",,
WCINV14886,19/Jan/2023,SHANTHI PHARMACY,9,"9,153.84",0.00,0.00,0.00,"9,153.84",,
WCINV14887,19/Jan/2023,DR HASITH FERNANDO,9,"16,520.00",0.00,0.00,0.00,"16,520.00",,
WCINV14888,19/Jan/2023,DR.MRS. L.S.WARNAKULASURIYA,9,"44,865.00",0.00,0.00,0.00,"44,865.00",,
WCINV14889,19/Jan/2023,RELIANCE PHARMACY,9,"6,668.30",0.00,0.00,0.00,"6,668.30",,
WCINV14890,19/Jan/2023,CRYSTAL PHARMACY,9,"144,617.30",0.00,0.00,0.00,"137,810.74",,
WCINV14892,19/Jan/2023,BETTER HEALTH PHARMACY,9,"63,882.59",0.00,0.00,0.00,"63,882.59",,
WCINV14893,19/Jan/2023,JAYAMAHA SUPER PHARMACY,9,"8,051.28",0.00,0.00,0.00,"8,051.28",,
WCINV14894,19/Jan/2023,PEOPLES PHARMACY-HENDALA,9,"43,617.08",0.00,0.00,0.00,"40,759.24",,
WCINV14895,19/Jan/2023,JAYAMAHA SUPER PHARMACY,9,"34,930.11",0.00,0.00,0.00,"34,930.11",,
WCINV14896,19/Jan/2023,THE PHARMACY,9,"24,153.89",0.00,0.00,0.00,"24,153.89",,
WCINV14897,20/Jan/2023,CRYSTAL PHARMACY,8,"30,000.00",0.00,0.00,0.00,"30,000.00",,
WCINV14898,20/Jan/2023,CRYSTAL PHARMACY,8,"18,897.34",0.00,0.00,0.00,"18,897.34",,
WCINV14899,20/Jan/2023,K.S.A.MEDICAL,8,"12,130.00",0.00,0.00,0.00,"12,130.00",,
WCINV14900,20/Jan/2023,MENDIS NSMN DR:-RAGAMA,8,"27,649.50",0.00,0.00,0.00,"27,649.50",,
WCINV14901,20/Jan/2023,KALIDSON PHARMACY,8,"9,871.80",0.00,0.00,0.00,"9,871.80",,
WCINV14902,20/Jan/2023,ISURA PHARMACY-RAGAMA,8,"9,043.48",0.00,0.00,0.00,"9,043.48",,
WCINV14903,20/Jan/2023,ROYAL PHARMACY,8,"12,560.00",0.00,0.00,0.00,"12,560.00",,
WCINV14904,20/Jan/2023,MEDICARE HOSPITAL (PVT) LTD,8,"10,000.00",0.00,0.00,0.00,"10,000.00",,
WCINV14906,20/Jan/2023,SASITHMA PHARMACY,8,"5,692.32",0.00,0.00,0.00,"5,692.32",,
WCINV14907,20/Jan/2023,DARSHANA PHARMACY-JA-ELA,8,"27,478.65",0.00,0.00,0.00,"27,478.65",,
WCINV14910,20/Jan/2023,DARSHANA PHARMACY-JA-ELA,8,"18,988.64",0.00,0.00,0.00,"18,988.64",,
WCINV14911,20/Jan/2023,THE PHARMACY-JA-ELA,8,"2,521.50",0.00,0.00,0.00,"2,521.50",,
WCINV14912,20/Jan/2023,Dr.Palitha Weerasinghe (Reg No.2833),8,"11,300.00",0.00,0.00,0.00,"11,300.00",,
WCINV14914,20/Jan/2023,DR.(MRS) F. BENAZIR S. NALEEM,8,"12,607.50",0.00,0.00,0.00,"12,607.50",,
WCINV14915,20/Jan/2023,RAGAMA PHARMACY  - SEEDUWA,8,"3,478.00",0.00,0.00,0.00,"3,478.00",,
WCINV14916,20/Jan/2023,THE PHARMACY,8,"30,325.28",0.00,0.00,0.00,"30,325.28",,
WCINV14917,20/Jan/2023,DR.MAHESH KODAGODA - KANDANA,8,"25,824.00",0.00,0.00,0.00,"25,824.00",,
WCINV14918,20/Jan/2023,LAKSHAN CHEMIST-MABOLA,8,"31,723.62",0.00,0.00,0.00,"31,723.62",,
WCINV14919,20/Jan/2023,SHANTHI PHARMACY,8,"133,989.37",0.00,0.00,0.00,"7,500.23",,
WCINV14920,20/Jan/2023,PRADIPA PHARMACY,8,"10,393.92",0.00,0.00,0.00,"10,393.92",,
WCINV14921,20/Jan/2023,KANDAWALA PHARMACY,8,"15,051.34",0.00,0.00,0.00,"15,051.34",,
WCINV14922,20/Jan/2023,GETWELL PHARMACY,8,"10,777.79",0.00,0.00,0.00,"10,777.79",,
WCINV14923,20/Jan/2023,NEW PHARMACY-WATTALA,8,"18,018.79",0.00,0.00,0.00,"18,018.79",,
WCINV14924,20/Jan/2023,NEGOMBO FOOD AND DRUGS,8,"45,768.06",0.00,0.00,0.00,"45,768.06",,
WCINV14925,20/Jan/2023,SHANTHI PHARMACY,8,"66,263.60",0.00,0.00,0.00,"51,974.40",,
WCINV14926,20/Jan/2023,PEOPLES PHARMACY-MINUWANGODA,8,"10,000.00",0.00,0.00,0.00,"10,000.00",,
WCINV14927,20/Jan/2023,RELIANCE PHARMACY,8,"10,000.00",0.00,0.00,0.00,"10,000.00",,
WCINV14928,20/Jan/2023,KANDAWALA PHARMACY,8,"15,868.50",0.00,0.00,0.00,"15,868.50",,
WCINV14929,20/Jan/2023,THE LANKA PHARMACY,8,"4,260.00",0.00,0.00,0.00,"4,260.00",,
WCINV14930,20/Jan/2023,CITY MEDICALS,8,"22,343.73",0.00,0.00,0.00,"22,343.73",,
WCINV14931,20/Jan/2023,CITY MEDICALS,8,"1,182.00",0.00,0.00,0.00,"1,182.00",,
WCINV14932,20/Jan/2023,NEGOMBO FOOD AND DRUGS,8,"16,581.92",0.00,0.00,0.00,"16,581.92",,
WCINV14933,20/Jan/2023,KALIDSON PHARMACY,8,"24,726.80",0.00,0.00,0.00,"23,154.99",,
WCINV14934,20/Jan/2023,KALIDSON PHARMACY,8,"19,598.30",0.00,0.00,0.00,"19,598.30",,
WCINV14935,20/Jan/2023,DR.W.M.PARAKRAMA WARNASURIYA,8,"6,038.46",0.00,0.00,0.00,"6,038.46",,
WCINV14936,20/Jan/2023,PRADIPA PHARMACY,8,"17,049.00",0.00,0.00,0.00,"17,049.00",,
WCINV14937,20/Jan/2023,BETTER HEALTH PHARMACY,8,"37,200.00",0.00,0.00,0.00,"37,200.00",,
WCINV14939,21/Jan/2023,ROSHINI PHARMACY-DADUGAMA,7,"5,130.00",0.00,0.00,0.00,"2,258.20",,
WCINV14940,21/Jan/2023,PRASANNA PHARMACY-JA-ELA,7,"91,720.20",0.00,0.00,0.00,"91,720.20",,
WCINV14941,21/Jan/2023,PRASANNA PHARMACY-JA-ELA,7,"24,608.00",0.00,0.00,0.00,"24,608.00",,
WCINV14942,21/Jan/2023,PRASANNA PHARMACY-JA-ELA,7,"243,138.38",0.00,0.00,0.00,"243,138.38",,
WCINV14943,21/Jan/2023,C & D PHARMACY-WELIGAMPITIYA,7,"4,025.64",0.00,0.00,0.00,"4,025.64",,
WCINV14944,21/Jan/2023,EKALA PHARMACY-EKALA,7,"1,948.72",0.00,0.00,0.00,"1,948.72",,
WCINV14945,21/Jan/2023,EKALA PHARMACY-EKALA,7,"4,172.00",0.00,0.00,0.00,"4,172.00",,
WCINV14946,21/Jan/2023,WELL CARE PHARMACY,7,"3,715.21",0.00,0.00,0.00,"3,715.21",,
WCINV14947,23/Jan/2023,HEALTH & GLOW PHARMACY,5,"92,251.75",0.00,0.00,0.00,"92,251.75",,
WCINV14948,23/Jan/2023,HEALTH & GLOW PHARMACY,5,"18,819.61",0.00,0.00,0.00,"18,819.61",,
WCINV14949,23/Jan/2023,ROYAL PHARMACY,5,"2,307.70",0.00,0.00,0.00,"2,307.70",,
WCINV14950,23/Jan/2023,THE LANKA PHARMACY,5,"59,230.85",0.00,0.00,0.00,"59,230.85",,
WCINV14951,23/Jan/2023,NAWA OSUSALA-JA-ELA,5,"30,000.00",0.00,0.00,0.00,"30,000.00",,
WCINV14952,23/Jan/2023,NAWA OSUSALA-JA-ELA,5,"2,857.84",0.00,0.00,0.00,"2,857.84",,
WCINV14954,23/Jan/2023,PAMUNUGAMA PHARMACY,5,"43,475.00",0.00,0.00,0.00,"43,475.00",,
WCINV14956,23/Jan/2023,BOPITIYA PHARMACY,5,"31,701.28",0.00,0.00,0.00,"31,701.28",,
WCINV14957,23/Jan/2023,BOPITIYA PHARMACY,5,"41,213.70",0.00,0.00,0.00,"41,213.70",,
WCINV14958,23/Jan/2023,PAMUNUGAMA PHARMACY,5,"15,829.72",0.00,0.00,0.00,"15,829.72",,
WCINV14960,23/Jan/2023,NEW PHARMACY -WATTALA,5,"21,020.11",0.00,0.00,0.00,"21,020.11",,
WCINV14961,23/Jan/2023,DR.M.S.MOHAMED ZIYARD,5,"12,173.50",0.00,0.00,0.00,"12,173.50",,
WCINV14965,23/Jan/2023,DR.W.M.PARAKRAMA WARNASURIYA,5,"3,350.03",0.00,0.00,0.00,"3,350.03",,
WCINV14966,23/Jan/2023,SUWASETHA PHARMACY,5,"12,768.00",0.00,0.00,0.00,"12,768.00",,
WCINV14967,23/Jan/2023,CASH  - NEGOMBO,5,"5,262.82",0.00,0.00,0.00,"5,262.82",,
WCINV14968,23/Jan/2023,CASH  - NEGOMBO,5,"6,401.93",0.00,0.00,0.00,"6,401.93",,
WCINV14969,23/Jan/2023,CASH  - NEGOMBO,5,"5,555.56",0.00,0.00,0.00,"5,555.56",,
WCINV14970,23/Jan/2023,ST `JOSEPH`S PHARMACY-BOPITIYA,5,"3,129.00",0.00,0.00,0.00,"3,129.00",,
WCINV14971,23/Jan/2023,BOPITIYA PHARMACY,5,"10,430.00",0.00,0.00,0.00,"10,430.00",,
WCINV14972,23/Jan/2023,RADDOLUGAMA PHARMACY,5,"7,742.04",0.00,0.00,0.00,"7,742.04",,
WCINV14974,23/Jan/2023,V.M.PHARMACY,5,"9,677.50",0.00,0.00,0.00,"9,677.50",,
WCINV14975,23/Jan/2023,DR.SHUKRI,5,"35,405.00",0.00,0.00,0.00,"35,405.00",,
WCINV14976,23/Jan/2023,"ST""JOSAP PHARMACY-JA-ELA",5,"20,000.00",0.00,0.00,0.00,"20,000.00",,
WCINV14977,23/Jan/2023,LAKSIRI PHARMACY- KATUNAYAKA,5,"9,871.80",0.00,0.00,0.00,"9,871.80",,
WCINV14978,24/Jan/2023,Dr.M.A.Nihal Frenando (Reg no 8087),4,"54,255.00",0.00,0.00,0.00,"54,255.00",,
WCINV14979,24/Jan/2023,ST' MARY'S PHARMACY AND GROCERY,4,"10,410.26",0.00,0.00,0.00,"10,410.26",,
WCINV14981,24/Jan/2023,Daluwakotuwa Pharmacy,4,"5,825.00",0.00,0.00,0.00,"5,825.00",,
WCINV14982,24/Jan/2023,ROYAL PHARMACY,4,"4,488.90",0.00,0.00,0.00,"4,488.90",,
WCINV14983,24/Jan/2023,ROYAL PHARMACY,4,"24,111.12",0.00,0.00,0.00,"24,111.12",,
WCINV14984,24/Jan/2023,CASH  - NEGOMBO,4,"1,836.52",0.00,0.00,0.00,"1,836.52",,
WCINV14985,24/Jan/2023,LION HOSPITAL- HEKITHTHA,4,"25,636.70",0.00,0.00,0.00,"25,636.70",,
WCINV14986,24/Jan/2023,NEGOMBO FOOD AND DRUGS,4,"2,923.08",0.00,0.00,0.00,"2,923.08",,
WCINV14987,24/Jan/2023,JAISARA PHARMACY-WATTALA,4,"2,137.50",0.00,0.00,0.00,"2,137.50",,
WCINV14989,24/Jan/2023,SAMPATH PHARMACY-RAGAMA,4,"32,472.00",0.00,0.00,0.00,"32,472.00",,
WCINV14990,24/Jan/2023,KALIDSON PHARMACY,4,"4,871.80",0.00,0.00,0.00,"4,871.80",,
WCINV14991,24/Jan/2023,THE LANKA PHARMACY,4,"12,179.50",0.00,0.00,0.00,"12,179.50",,
WCINV14993,25/Jan/2023,LAKSHAN CHEMIST-MABOLA,3,"4,871.80",0.00,0.00,0.00,"4,871.80",,
WCINV14994,25/Jan/2023,AVE MARIA PHARMACY,3,"12,179.50",0.00,0.00,0.00,"12,179.50",,
WCINV14995,25/Jan/2023,THENUKA PHARMACY,3,"25,720.62",0.00,0.00,0.00,"25,720.62",,
WCINV14998,25/Jan/2023,THE LANKA PHARMACY,3,"68,681.74",0.00,0.00,0.00,"68,681.74",,
WCINV14999,25/Jan/2023,ST MARY'S PHARMACY,3,"28,896.16",0.00,0.00,0.00,"28,896.16",,
WCINV15000,25/Jan/2023,ST:JOSAP   PHARMACY-AMANDOLUWA,3,"21,623.91",0.00,0.00,0.00,"21,623.91",,
WCINV15001,25/Jan/2023,ST MARY'S PHARMACY,3,"51,300.00",0.00,0.00,0.00,"51,300.00",,
WCINV15002,25/Jan/2023,EKALA PHARMACY-EKALA,3,"42,525.59",0.00,0.00,0.00,"42,525.59",,
WCINV15003,25/Jan/2023,EKALA PHARMACY-EKALA,3,"4,495.73",0.00,0.00,0.00,"4,495.73",,
WCINV15004,25/Jan/2023,NAWA LANKA PHARMACY,3,"9,871.80",0.00,0.00,0.00,"9,871.80",,
WCINV15005,25/Jan/2023,CRYSTAL PHARMACY & GROCERY,3,"5,111.12",0.00,0.00,0.00,"5,111.12",,
WCINV15006,25/Jan/2023,DR.SHUKRI,3,"10,650.00",0.00,0.00,0.00,"10,650.00",,
WCINV15008,25/Jan/2023,NEW CENTRAL PHARMACY,3,"40,000.00",0.00,0.00,0.00,"40,000.00",,
WCINV15009,25/Jan/2023,SEEDUWA MEDICAL -SEEDUWA,3,"25,119.80",0.00,0.00,0.00,"25,119.80",,
WCINV15011,26/Jan/2023,UNION PHARMACY AND GROCERY,2,"6,820.52",0.00,0.00,0.00,"6,820.52",,
WCINV15012,26/Jan/2023,DAGONNA PHARMACY AND GROCERY,2,"7,466.88",0.00,0.00,0.00,"7,466.88",,
WCINV15013,26/Jan/2023,DAGONNA PHARMACY AND GROCERY,2,"36,518.00",0.00,0.00,0.00,"36,518.00",,
WCINV15014,26/Jan/2023,RILAULLA PHARMACY-RILLAULLA,2,"30,128.23",0.00,0.00,0.00,"30,128.23",,
WCINV15015,26/Jan/2023,DR.S.PRIYAL MARTINUS (REG 11493),2,"20,520.00",0.00,0.00,0.00,"20,520.00",,
WCINV15016,26/Jan/2023,RILAULLA PHARMACY-RILLAULLA,2,"13,303.50",0.00,0.00,0.00,"13,303.50",,
WCINV15019,26/Jan/2023,BOPITIYA PHARMACY,2,"19,550.00",0.00,0.00,0.00,"19,550.00",,
WCINV15020,26/Jan/2023,Arogya Pharmacy,2,"19,550.00",0.00,0.00,0.00,"19,550.00",,
WCINV15021,26/Jan/2023,UNION PHARMACY AND GROCERY,2,"3,910.00",0.00,0.00,0.00,"3,910.00",,
WCINV15024,26/Jan/2023,NEGOMBO PHARMACY,2,"20,000.00",0.00,0.00,0.00,"20,000.00",,
WCINV15025,26/Jan/2023,PAMUNUGAMA OSUSALA-RADDOLUGAMA,2,"18,259.50",0.00,0.00,0.00,"18,259.50",,
WCINV15026,26/Jan/2023,EKALA PHARMACY-EKALA,2,"3,910.00",0.00,0.00,0.00,"3,910.00",,
WCINV15027,26/Jan/2023,PAMUNUGAMA PHARMACY,2,"17,390.00",0.00,0.00,0.00,"17,390.00",,
WCINV15028,26/Jan/2023,DR.C.D.WICKRAMARACHCHI,2,"24,953.00",0.00,0.00,0.00,"24,953.00",,
WCINV15029,26/Jan/2023,THENUKA PHARMACY,2,"61,050.00",0.00,0.00,0.00,"61,050.00",,
WCINV15030,26/Jan/2023,DR.MRS. L.S.WARNAKULASURIYA,2,"40,000.00",0.00,0.00,0.00,"40,000.00",,
WCINV15031,26/Jan/2023,MEDICARE HOSPITAL (PVT) LTD,2,"47,243.50",0.00,0.00,0.00,"47,243.50",,
WCINV15032,26/Jan/2023,HIMAYA PHARMACY,2,"66,362.21",0.00,0.00,0.00,"66,362.21",,
WCINV15033,26/Jan/2023,PRASANNA PHARMACY-JA-ELA,2,"80,532.40",0.00,0.00,0.00,"80,532.40",,
WCINV15034,26/Jan/2023,PRASANNA PHARMACY-JA-ELA,2,"39,100.00",0.00,0.00,0.00,"39,100.00",,
WCINV15035,26/Jan/2023,SHEHARA PHARMACY AND GROCERY,2,"39,100.00",0.00,0.00,0.00,"39,100.00",,
WCINV15036,26/Jan/2023,THALAHENA PHARMACY,2,"2,707.79",0.00,0.00,0.00,"2,707.79",,
WCINV15037,26/Jan/2023,HEALTH AURA PHARMACY,2,"13,825.00",0.00,0.00,0.00,"13,825.00",,
WCINV15038,26/Jan/2023,HENDALA MEDICAL,2,"9,470.39",0.00,0.00,0.00,"9,470.39",,
WCINV15039,26/Jan/2023,HENDALA MEDICAL,2,"2,333.00",0.00,0.00,0.00,"2,333.00",,
WCINV15040,26/Jan/2023,CHALANI PHARMACY- ADIAMBALAMA,2,"14,639.33",0.00,0.00,0.00,"14,639.33",,
WCINV15041,26/Jan/2023,CHALANI PHARMACY- ADIAMBALAMA,2,"32,168.00",0.00,0.00,0.00,"32,168.00",,
WCINV15042,26/Jan/2023,NEW NANDANA PHARMACY,2,"11,730.00",0.00,0.00,0.00,"11,730.00",,
WCINV15043,26/Jan/2023,OSILKA PHARMACY-MINUWANGODA,2,"7,774.60",0.00,0.00,0.00,"7,774.60",,
WCINV15044,26/Jan/2023,PEOPLES PHARMACY-MINUWANGODA,2,"2,992.60",0.00,0.00,0.00,"2,992.60",,
WCINV15045,26/Jan/2023,SAHANA OSUSALA -MINUWANGODA,2,"16,224.76",0.00,0.00,0.00,"16,224.76",,
WCINV15046,26/Jan/2023,SAHANA OSUSALA -MINUWANGODA,2,"9,650.00",0.00,0.00,0.00,"9,650.00",,
WCINV15047,26/Jan/2023,THE BEST CARE PHARMACY,2,"26,749.98",0.00,0.00,0.00,"26,749.98",,
WCINV15048,26/Jan/2023,PEOPLES PHARMACY-MINUWANGODA,2,"7,846.16",0.00,0.00,0.00,"7,846.16",,
WCINV15049,26/Jan/2023,MADURI PHARMACY,2,"9,916.16",0.00,0.00,0.00,"9,916.16",,
WCINV15050,26/Jan/2023,DIVYA PHARMACY,2,"28,079.50",0.00,0.00,0.00,"28,079.50",,
WCINV15051,26/Jan/2023,SITHMINA PHARMACY,2,"27,371.66",0.00,0.00,0.00,"27,371.66",,
WCINV15052,26/Jan/2023,DR.R.D.S.S.WICKRAMASINGHE (SLMC REG 20682),2,"89,632.53",0.00,0.00,0.00,"89,632.53",,
WCINV15053,26/Jan/2023,MILAN PHARMACY -ENDERAMULLA,2,"16,008.55",0.00,0.00,0.00,"16,008.55",,
WCINV15054,26/Jan/2023,EKALA PHARMACY-EKALA,2,"3,478.00",0.00,0.00,0.00,"3,478.00",,
WCINV15055,26/Jan/2023,SUWASAVIYA PHARMACY,2,"14,502.70",0.00,0.00,0.00,"14,502.70",,
WCINV15056,26/Jan/2023,R E PHARMA (PVT ) LTD,2,"2,136.75",0.00,0.00,0.00,"2,136.75",,
WCINV15057,26/Jan/2023,DR.WALIKALA,2,"11,730.00",0.00,0.00,0.00,"11,730.00",,
WCINV15058,26/Jan/2023,ROSEVILLA PHARMACY-ENDERAMULLA,2,"4,271.57",0.00,0.00,0.00,"4,271.57",,
WCINV15059,26/Jan/2023,BIO LANKA PHARMACY & GROCERY,2,"61,804.22",0.00,0.00,0.00,"61,804.22",,
WCINV15060,26/Jan/2023,V.M.PHARMACY,2,"8,695.00",0.00,0.00,0.00,"8,695.00",,
WCINV15061,26/Jan/2023,SITHMINA PHARMACY,2,"73,855.16",0.00,0.00,0.00,"73,855.16",,
WCINV15062,26/Jan/2023,THE NEW PHARMACY,2,"37,784.47",0.00,0.00,0.00,"37,784.47",,
WCINV15063,26/Jan/2023,Medicare pharmacy,2,"10,547.02",0.00,0.00,0.00,"10,547.02",,
WCINV15064,26/Jan/2023,DR.N.NILANGA WANIGAPURA (REG 17397),2,"59,650.00",0.00,0.00,0.00,"59,650.00",,
WCINV15065,26/Jan/2023,SHANTHI PHARMACY,2,"41,159.20",0.00,0.00,0.00,"41,159.20",,
WCINV15066,26/Jan/2023,THALAHENA PHARMACY,2,"44,716.69",0.00,0.00,0.00,"44,716.69",,
WCINV15067,26/Jan/2023,THE NEW PHARMACY,2,"39,793.16",0.00,0.00,0.00,"39,793.16",,
WCINV15068,26/Jan/2023,BIO LANKA PHARMACY & GROCERY,2,"49,802.76",0.00,0.00,0.00,"49,802.76",,
WCINV15069,26/Jan/2023,Guardian Pharmacy,2,"13,168.82",0.00,0.00,0.00,"13,168.82",,
WCINV15070,26/Jan/2023,Medicare pharmacy,2,"17,817.00",0.00,0.00,0.00,"17,817.00",,
WCINV15071,26/Jan/2023,MILAN PHARMACY -ENDERAMULLA,2,"15,652.00",0.00,0.00,0.00,"15,652.00",,
WCINV15072,26/Jan/2023,SHANTHI PHARMACY,2,"14,015.21",0.00,0.00,0.00,"14,015.21",,
WCINV15073,26/Jan/2023,Guardian Pharmacy,2,"6,692.00",0.00,0.00,0.00,"6,692.00",,
WCINV15074,26/Jan/2023,LAKSHI PHARMACY,2,"12,130.00",0.00,0.00,0.00,"12,130.00",,
WCINV15075,26/Jan/2023,ROSEVILLA PHARMACY-ENDERAMULLA,2,"14,249.60",0.00,0.00,0.00,"14,249.60",,
WCINV15076,26/Jan/2023,SILVER RAY PHARMACY,2,"15,276.78",0.00,0.00,0.00,"15,276.78",,
WCINV15077,26/Jan/2023,SILVER RAY PHARMACY,2,"16,447.36",0.00,0.00,0.00,"16,447.36",,
WCINV15078,27/Jan/2023,SAMPATH PHARMACY-RAGAMA,1,"26,039.83",0.00,0.00,0.00,"26,039.83",,
WCINV15079,27/Jan/2023,K.S.A.MEDICAL,1,"15,256.40",0.00,0.00,0.00,"15,256.40",,
WCINV15080,27/Jan/2023,ROSEVILLA PHARMACY-ENDERAMULLA,1,"8,695.00",0.00,0.00,0.00,"8,695.00",,
WCINV15081,27/Jan/2023,SUPREME PHARMACY,1,"11,730.00",0.00,0.00,0.00,"11,730.00",,
WCINV15082,27/Jan/2023,RAGAMA PHARMACY-RAGAMA,1,"103,070.00",0.00,0.00,0.00,"103,070.00",,
WCINV15083,27/Jan/2023,DR.W.M.PARAKRAMA WARNASURIYA,1,"11,738.50",0.00,0.00,0.00,"11,738.50",,
WCINV15084,27/Jan/2023,Dr.B.Saliya (Medicare Dispensary),1,"77,038.00",0.00,0.00,0.00,"77,038.00",,
WCINV15085,27/Jan/2023,UNION CHEMIST -WATTALA,1,"21,367.50",0.00,0.00,0.00,"21,367.50",,
WCINV15086,27/Jan/2023,UNION CHEMIST -WATTALA,1,"216,059.21",0.00,0.00,0.00,"216,059.21",,
WCINV15087,27/Jan/2023,KALASI PHARMACY,1,"27,347.00",0.00,0.00,0.00,"27,347.00",,
WCINV15088,27/Jan/2023,KALASI PHARMACY,1,"22,533.67",0.00,0.00,0.00,"22,533.67",,
WCINV15089,27/Jan/2023,J PLUS PHAMACY,1,"8,015.50",0.00,0.00,0.00,"8,015.50",,
WCINV15090,27/Jan/2023,J PLUS PHAMACY,1,"9,401.71",0.00,0.00,0.00,"9,401.71",,
WCINV15091,27/Jan/2023,DR.R.D.S.S.WICKRAMASINGHE (SLMC REG 20682),1,"21,840.00",0.00,0.00,0.00,"21,840.00",,
WCINV15092,27/Jan/2023,LAKSIRI PHARMACY- KATUNAYAKA,1,"3,910.00",0.00,0.00,0.00,"3,910.00",,
WCINV15093,27/Jan/2023,SOFT LIFE PHARMACY,1,"15,217.00",0.00,0.00,0.00,"15,217.00",,
WCINV15094,27/Jan/2023,SOFT LIFE PHARMACY,1,"8,695.00",0.00,0.00,0.00,"8,695.00",,
WCINV15095,27/Jan/2023,ST' MARY'S PHARMACY AND GROCERY,1,"26,085.00",0.00,0.00,0.00,"26,085.00",,
WCINV15096,27/Jan/2023,ST' MARY'S PHARMACY AND GROCERY,1,"206,233.00",0.00,0.00,0.00,"206,233.00",,
WCINV15097,27/Jan/2023,CRYSTAL PHARMACY,1,"13,615.38",0.00,0.00,0.00,"13,615.38",,
WCINV15098,27/Jan/2023,ASOKA PHARMACY,1,"22,472.04",0.00,0.00,0.00,"22,472.04",,
WCINV15099,27/Jan/2023,K.S.A.MEDICAL,1,"16,939.34",0.00,0.00,0.00,"16,939.34",,
WCINV15100,27/Jan/2023,K.S.A.MEDICAL,1,"33,628.70",0.00,0.00,0.00,"33,628.70",,
WCINV15101,27/Jan/2023,LIFE PHARMACY & GROCERY,1,"13,205.12",0.00,0.00,0.00,"13,205.12",,
WCINV15102,27/Jan/2023,K.S.A.MEDICAL,1,"7,219.49",0.00,0.00,0.00,"7,219.49",,
WCINV15103,27/Jan/2023,ASOKA PHARMACY,1,"32,585.56",0.00,0.00,0.00,"32,585.56",,
WCINV15104,27/Jan/2023,ORIENT PHARMACY-KATUNAYAKA,1,"64,615.00",0.00,0.00,0.00,"64,615.00",,
WCINV15105,27/Jan/2023,S&G PHARMACY,1,"4,667.81",0.00,0.00,0.00,"4,667.81",,
WCINV15106,27/Jan/2023,PAMUNUGAMA PHARMACY,1,"12,322.29",0.00,0.00,0.00,"12,322.29",,
WCINV15107,27/Jan/2023,S&G PHARMACY,1,"33,119.10",0.00,0.00,0.00,"33,119.10",,
WCINV15108,27/Jan/2023,SS PHARMACY,1,"8,615.39",0.00,0.00,0.00,"8,615.39",,
WCINV15109,27/Jan/2023,SS PHARMACY,1,"24,275.51",0.00,0.00,0.00,"24,275.51",,
WCINV15110,27/Jan/2023,MALITHI PHARMACY,1,"27,914.38",0.00,0.00,0.00,"27,914.38",,
WCINV15111,27/Jan/2023,MALITHI PHARMACY,1,"34,853.38",0.00,0.00,0.00,"34,853.38",,
WCINV15112,27/Jan/2023,"ST""JOSAP PHARMACY-JA-ELA",1,"31,290.00",0.00,0.00,0.00,"31,290.00",,
WCINV15113,28/Jan/2023,THE LANKA PHARMACY,0,"52,150.00",0.00,0.00,0.00,"52,150.00",,
WCINV15114,28/Jan/2023,ROBERT MEDICALS,0,"3,910.00",0.00,0.00,0.00,"3,910.00",,
WCINV15115,28/Jan/2023,NEGOMBO FOOD AND DRUGS,0,"3,910.00",0.00,0.00,0.00,"3,910.00",,
WCINV15116,28/Jan/2023,DR.M.N.F.RIMZEENA (FAMILY MEDICAL CENTRE ),0,"13,910.00",0.00,0.00,0.00,"13,910.00",,
WCINV15117,28/Jan/2023,PAMUNUGAMA PHARMACY,0,"11,565.20",0.00,0.00,0.00,"11,565.20",,
WCINV15118,28/Jan/2023,ORIENT PHARMACY-KATUNAYAKA,0,"3,910.00",0.00,0.00,0.00,"3,910.00",,
WCINV15119,28/Jan/2023,SEEDUWA OSUSALA-SEEDUWA,0,"4,025.64",0.00,0.00,0.00,"4,025.64",,
WCINV15120,28/Jan/2023,DR.(MRS)PESHALI MENDIS,0,"13,385.00",0.00,0.00,0.00,"13,385.00",,
WCINV15121,28/Jan/2023,PEOPLES PHARMACY-HENDALA,0,"19,743.60",0.00,0.00,0.00,"19,743.60",,
WCINV15122,28/Jan/2023,PEOPLES PHARMACY-HENDALA,0,"4,025.64",0.00,0.00,0.00,"4,025.64",,
WCINV15123,28/Jan/2023,PEOPLES PHARMACY-HENDALA,0,"37,589.08",0.00,0.00,0.00,"37,589.08",,
Age<30,"17,472,540.43",Total  Outstanding,Age30<45,"3,526,182.44",Age45<60,"3,196,793.82",Age>60,"4,216,455.37",All,"28,411,972.06"
